index,sha256,size_bytes
0,2260f6485196f2d1fdefe28c849e7f7f078fe6b8eb8e059d7fbef7c2736562ea,3856
1,cfd90f6259da218a0237653631b4700d483f5c96884142eefe80b0b10a1c3eec,3987
2,6fe32c71868ab3f35bf1d04c1e79a3702e28e4869a6089dabe8e9b46dcf031a5,4018
3,8a0c52bc2d267db38eaafbba0c43d80f5dc0adfefae1ec05fd8f628962d9aa1f,3757
4,2dbb74ee7a1026061922608b53a335a0a013de4f6e82920428091ff1aab11da5,3871
5,cddde0473e6f7e809ab9f950f72c82a33767137ae3c58a0cea1134a97688cc38,3797
6,1afa2656676b6883eae36b4991de5a6921e0f40d762fd5e48cbccdc8f76c107f,3740
7,4910d3725bd72eb15d3ab76304ceef65dc504b2ff7a1603ed3db6de507169e6e,3841
8,3624432dc38f8f98802fbecc4f3d8d55594395ff62eb5b382a8db4c87e403a1c,3916
9,dad0a898beda81413d4471aa07e9fb8b7f9b4763c778ab4c48fe085e889d4a58,3886
10,6c707b1d8dfa125f665c99eeada2d05f853ba5eab4b8b9243ef47978f97d856c,3742
11,684e9a00ffe94ac4d68f4084aec6b9c3d88fa78d16ac0a442d2b6d980430df62,3970
12,348000e1ee48adc7062a7c65df7fb5d2bf5e1a1696af9a521a153f1659243044,3856
13,d1243f182d8f46be84aacd684ca7241313187641c68e0987291dcd7a816f799b,4022
14,524999cf2b1507b329516e1a73f6897e2c015f0ff6fc42a86fc159b13be054c4,3914
15,d04b716cda680af5f3ff55fc1b726917ce2ae6b631b1be49bd229bb726856f13,3797
16,f6b2f84cba8a39da53575d331f2e9d12b62241a6b66179950a578962f9e65f31,3841
17,b98345bba766fcfbc8ddff0f6a9027a6efa8f37501319245dcf46ddf12ebed01,3950
18,02ab183025f02de42c3d4aadf00381af9359799af920a4dc35a119dda01e7236,3984
19,2a0a0f0da676533aa83a2524fd2290e4e6975b0136dae382b6c564d67dc0550c,3741
20,6acfac936935c57db593cd11ff798153af07cf0b19347e6720bfbed95a997fe2,3884
21,a64c240660a507a552fdd61714843fc9591b5cb4c806f53974df6bdbe0d1762c,3934
22,6acbc3fa4dc0d2417d82aa64e852eaa50a411bda7d0b7672f20764364d534b11,3911
23,bb20ea1ad84d498d33d739cf435aa2c7cfea6111111f9c7b80dd202f088fdf9c,3886
24,b85f5f999a9979d8f8c06597e7f58bff5309503d9afe328bd7347a275f1adca7,3928
25,5633a724cd380c6eae5a11d65a3d6f0d5b9bde40df837d806c605ef228d54c60,3958
26,3d2141aefb77edf00cfa5b0e86f87f170e6a82468cfa3d31007ac3051b699c38,3918
27,2bbf41280d5c942e2960d76018f381e7d7c272af90c526f20a2c7b6f70540f41,3765
28,464c6ca3928879f50331a7ada1565f783b4e48b2e1ae94cdb4b02775bbaf7809,3875
29,e148d839b8085d0f1884d9bddfd55ff6b6f6e5998f26d1fac9d5b735960b2311,3808
30,e138983329fd98325124d1a6037788e6537c0f5bb9cbac1c8d07797f24ba63b0,3849
31,1b9dee1ad1578733896a3d3b7b50b3d874b9065033b7e0a9e6a3d45e4beec05f,3925
32,52351d7120ecf7e61767426c68d709ca846b595f3aa0fa769d7979da2c2e7861,3770
33,320efc1e84d45aeaa37c26de329d0d82c163298216565e9271ce7b0247a77271,3724
34,4db26447cb397a061e78defee901999a78a2f543a5691414e2069aa31cdf46b5,4089
35,061d0c2aa05ef70387d76daeff4ef78ad0284040673ead5240544303ac9629bf,3752
36,012cb91746e95030f1efdbda423cd60eee199fad6d6001759433c40dfd518df8,3774
37,aad5cae1b853739f164701bf8ca3b1dd48dd990c055c01ab43caea4e268fb60d,3935
38,f72e916247a8d4c5893a340a327cfbb9c0995b5ee6cbea2e27bd39f77aeaa1db,4007
39,9fde5604a08322aaeb76acd6d327cd02633eff5902e3152337a5aa5ab5985ee5,3838
40,47b30211d8ca5978efd5c182273b0213bbd8d619c153788519bc633665c3e888,3764
41,4bf74b9d6f5ea1d60629a6a0ce05e3aa99ea5b80a164a612da8b8cedef12127a,3941
42,8ff311c9c922ba3ea1689f216458b77dd159968c7db1d871b75ac783e4adb439,3912
43,626c53d56e17c79f9c4819df5232d298c34312f23cac8e6390adf72d2609827d,3967
44,60ee7678c1c5fdfce9f026593b892702f9d86af45588aff4e94665d2c1d27c77,3776
45,670f5bcddb7f6a374623a01702d7ca7e903271a47fa35744444201948dd8e3c8,3815
46,5d8355100cb3dfb0ce07308e83778b7a15b5ba5e3cefef6edb597c19eb68a677,3853
47,607107c2996a15fa9f0abe790a3b9d56e1bcbed28148ca65d1dc6cac12d22ed7,3818
48,28f6e0177e5c14c8234c0bde6e64bf6bf297ea7d383fdd6386a017b5557775c5,3717
49,626cc72e13e329003deddfffacebbc25196edcb2edc25cda1c285615fcc5cbca,3828
50,cc786133591ca301f7bd2f67483bec4c0d22ce94b7d727fa31d8c013ccf16fb2,3787
51,e884ee82bf757b4d244ddbb501a4d5ec18397b41e69fff9901894ad234d19803,3975
52,4d3b9110a5120463417afd2c0b8ca85d2f0015de3f50fc294aed1946f4a94323,3884
53,16ca8e4934de80a02346ff3afe942665bab1f431cfe6b3eade111a89572e8a96,3828
54,89a0aa2c44fc614105cdb7d8bbeac504dc868f93d32fbfc12f87cef3a55d275f,3828
55,77f2218cb9d1ecedaafec547abaffd77cea58ada232b0c060c0296eb25e8b5c1,3828
56,69a0ccd7482265d7e57071a6607e335735e5b0c08edcac7a46392f8ae9ef378f,3693
57,21b8d1436d2fa46f9f77174d8b9e9fe78807a2015c0dbfd8dfc3544018a23541,3874
58,0c57e1b104c4f01d4b7ea093b6f28a2f195e7a76842883a8494b9df7a7ae2832,3875
59,8d13e848b75e245781ed8a341c0436f355e1ea2916dead11d67a83b667550477,3848
60,6cfdb47bfaa5bd0c3a5bbb5e7e251b9b29741077274cb1aabd236e0a43d8d7ed,3927
61,906badb5b86e5ea9aa518e867d014fc96a17afb0c190bb6aaa327b62ba3c6ce0,3886
62,9fd335a864de9f8be62ac53036636aec3256627ae98a442e067bc5410c2f769b,3707
63,c5035b93588cc9638bb1e693c180a6cedd27b74d5952a375579aaa1621b90331,4014
64,b1c647e3553eba8152618883ce0802b8792767e151343459ce33017e1f9b3453,3913
65,0f9ebb9c5cf421f3753715b4780945a5b364b66fb8156b348a82a8bd7368272c,3689
66,9495f2580201fe7ef5b2dcd10cee036f14fd8027d524d1b4f939f1368ac2c1b4,3780
67,f5b7a8c1e2f3102fc8c80107969d6030ec8e906776b3d46b61b8623f7982f071,3762
68,19cfc693ac622a74bce6bb955e817b022055fee7bf4aadc7b297cf261e5a5aa0,3718
69,d23ac3567d4c0934279412549d4cecee9a0df9b5b82e7e231f37b711f876f18c,3751
70,b6219c9d6cb2593dc0158cd23a57d3771882b0ef1b229bb7c7e17ea7c480d4c8,3931
71,fc83d72108f3996f791d868f0281b5b0849d8b75ddfbcf54fb8e2f849f34bb20,3869
72,6d9cbfbc44dd8eb98a451d87545649274b4b2dbd17e3b5a3abfe32f9d1ad52c2,3915
73,5c1fae8999cd6074792033f558afa9197ec0d9bd98e0a0ebf4833e63de06db04,3893
74,0a53166e5ac26a589491c72d94d6a3f380fb1aa07d2cd891e6357e2ffb9ac39c,4000
75,f7a24061c85a3024ae9b20bd84dbae09f16159073f21e93f0ee77cbec2605dac,4029
76,ad9e82f752a58a36ee82074b227402e5171f2eccfb93fcdf80bbd74410fb2760,3837
77,7ad0fc1e1528468cfb1f79f800e2d9a2de91951d88bf4fc49ddf4b33f80dad21,3965
78,8c2b1158808343ea36e39d83a53019b395187815ab65abedb9e6830a457e269f,3839
79,3ece0672d6333c83ec77a381dfe237960dc53d1e717e0115a4711cf1c5ce856c,4014
80,5a901d711339212e712f5a533ed40034fb0b6eb003480ee3e822a87b2347c1ac,3791
81,1304f537dc9b70060e5ad436861387acda16be72742d9ac2aeda22d2caf2ad8a,3773
82,9f6bdb36c3e5c077511e65862ab6a6c9a6527601686c0ebff8f38d13e7cc44b7,3656
83,e7cd5d54d28abcfa5350a6e9199bbadd93ef1e8250735ab13594a6520f65b4a3,4095
84,ddc5be9e9c2cc70c6440ebf9e443e0bb7878275198093955e1a807cb0c25435a,3852
85,9bec415a26187079d1723ad332e6bd9ba4405c2c53333f8f922c1ea56c9a6396,4021
86,8ad5fde74b248cf49960d469e7323244724be5fd51fe60573a6c1cf7a55718b6,3898
87,fc93c23255c2efff9e9d06187634ef9708ac86b8e020195c13a1072844989eb9,3777
88,26e33192c1546fe28e02c90fe5f8734f6d021fb43730766fbc1cea6ccb06b5e9,3721
89,0cdb9da3a8373e4261d1118e1a0cad8b7d3159023ac3df0b0f85b3a2953dab0a,3934
90,bc18c943a1ad3960698aef6a31950f771e9d87c63d483a80be2a2099d28cfbc5,3821
91,809d726549664d98edb95dd9c0bbcb8ef527c00b457f7fe54181b4c23204fbf2,3824
92,1bb5dbfe0a271a1902604f37e16e5c90b4b6dab5750f222ff379a9c7cc39f157,4050
93,32952e8ed8c8c90a74f30440a7bc1f08755acfa579dd91ef0d59078be32d07d6,4033
94,bd0792d96b15ea2456ec55ee427a0f3fd946a295949a5e7e0b04dba8cce0d5bf,3994
95,2542d0b9f20d6c7ae921d1346b90cd0f15fff062c6b566787befd89fc53359d7,3812
96,2849fceb6c475d6b879f8dcd58c80c65c06b78dbde31517c804f4256340a2855,3960
97,040244ce680abae8f5f09b1fadff78efce3f5b1de1da0781d3822cad8bb15e39,4068
98,3c2121a1531bb40092572fd05688ea0690f8f24867f7b71d12a54a5ae4d3bf1a,4007
99,e282e92fd1f635faac6d286d147a85a782a5080b826b771bd214de19738a877e,3789
100,d45c2e0b59820160747b2e8f441aa8c4bc04136f26b8f8544a40027044f82d79,3850
101,28d2bc925f9e13b138aadbc2fef6503ee6d947854c6d1bdbe14eaedc42e5a9f5,3869
102,8b4ffd177dc7dee8ced8bdea294f8738a6a811a01937f70b8388da2c0f9d56a4,3904
103,957acefbed21e83199c14766566c5beca704e82ecd28e1fd9f28846065b67188,3864
104,3d32fd72255a89788d2efd6b3d8e41b9f3be79a654711ec6fd167cf87e7fe9e9,3955
105,422f38333afd5b0d70bf311ddc3ee1165bb3c70e6e412ab93d8677578a634379,3841
106,2940ee518620fcf8846383f309f4e30953c29bf48e49e06f7b50e30d716ba10a,3746
107,208d17d6b2309b473c048c1c1a382d15c10d11be9608ae84e38f791b703296be,3649
108,3ea3737c84e7241f80c90da501383d71aa2220f0373292776b1a1f54309d7148,3875
109,bdc79cfed34dd9c7f51a81d9275cb8ba32e402883f5821105d7e06901ba46ef7,3870
110,751da40ddc3f01579d91c6d4db847a6cc40664af71a8423bd3b88402d5114435,3926
111,f61aaaa8879d58ebf51179ceae25c2f4fee8b95a03b5e6f026f2fd4b4c005e58,3722
112,38dffdee749f8bd8d407bc803841aeed658c305e99e2602baef2111bfefc3941,3860
113,971d0dce3f0c2685dbb5167695abca395004ac6f2cb101dde578816811b1754a,3758
114,3f79bb509bc249aa07851c9c78332a017e3003338ff6bdacd94a86369a91651d,3773
115,60986f5ec48c3e97c47edb0845c284c4cab596121d5fe6c2b04aca116f742cfd,3790
116,7ab24ccb2ccafbb5db7a36c4349f88aaacf171126943d11e7d7da266a2f314d3,3893
117,b70183a743b5d57bbb409958453256b19a9c982d1d5d15e0b6125506a70dfa5b,3634
118,fd095bd44bcd827a1f7a3434ef40dfd26613b6012c4534b6b86bf72ed453caf9,3881
119,1fabadb164acca24c81b00e942e340cc4ab0399d38a792e66c506e82d90cca17,3778
120,cd16efe72ae80a2a2a48186a6a3e0c5498ad49cc0895245ebba5a4c9b144d365,3950
121,b43fe3498b9c200195ffbb5fb1efab0672577db9df89fd35a024761a21e6974a,3810
122,609af9848a4b01009894136b47f0ba0985b01912519a64491c5e450a4317aebe,3815
123,17969ea01cff5d5b05bcc302161f9b18560538cfd87583d43d122de10c3440ae,3711
124,dc0ba6e9f150c88f315153ca3db3e3c5fcfe822dbd01d4ae9c9913b41c6b0dd6,3770
125,14b568383c560aa8925b31cf6b69dbbb308b90d96a2e4472c3f1a6d526e376df,3856
126,dba4638b93cbdb88e4c56ce93432039c51aaa5e088db0f710b6691baad2e082c,3851
127,e8aa1d59cc88618dbddfaa7e567a13434437f5c5df25cd03cc3fa89919d8039f,3815
128,6c19e93df17c95430620346a03b9a42fddd94a1326b26cbcd024d2110c569b62,3901
129,056d558fe78d8e5b3255b3bf4391e17257905369aa8396658f97b9f8abefafe5,3794
130,d959aaaf3cf3a1b183f125b82ed2086be4c538af0356c30c81545e65f2f0b33a,3757
131,d9f0bc18defb821c2f5d291b4ce2893987c4d581c44e26d75443f640edd0515f,3933
132,baaf5a5079b2b69d9e16bf459da67654593df6720d47c8f8c90ac3f5e073951b,3836
133,ba775987ee073fe2bce5eb7cc1fe9342ddffec6d014b7ecdda47ead0a4045a79,3943
134,5f2bc5027eb4defb24ad4ca4389889900eab4c413b65bdec3ec53e7c46f45f86,3984
135,85dbbb7409567a0bf10ba5001f0f91c0c7b2410e276ef8eb7dc571b40d380b95,3843
136,567c17b6e5918e6ef73d72cef1234ee4c93638d8dd68f55c2f8bb40b88961500,3997
137,5a4681b8f9f358c8fb3bfc9f01f3278031fc558c5e88253c9d609bb494d082b3,3923
138,fee4ea521a5710f2df6aa78b0dd378a8badaf95c12efdf3e0f39d701f2baa562,3782
139,5e49bb89d92feb6a18d443720cd0608a20896111101f66b719dbb01715ca4202,3999
140,a6bf9994238705b7e0f73734f8207715aa9fa50b68f293727a365a32914d901b,3793
141,a87fbd4cf196912217e8129de7481c4d0fc655adb08e78c4ebc29d9db6c25bc1,3927
142,b60f000eba282fb9550aa974255d02fd9481b3a2decdf3d82fb70744b41046e8,3817
143,889a920eb83d52b57d8f6efaa00b0a9fc1c5c3b853b2ba933758bdfd11a90458,3791
144,58585b4e312b08b8929d0518a406dcf42f898042b2900e8c67378e6c2b740df6,3861
145,43d8f67f78d30eaf8da2fd0994ccb0622e045f0733d01fa80b3f63015a4955fe,3941
146,98bbf007be6326ae3d03448a75e3affe42f6c2cba3398aefa229c3c75fe03d75,3904
147,cee64f5191f4224b9f8b6226d7a1ce3bea7fb31b7202963d4b07bd802bc2da73,3984
148,f24c964b5f823370b1ca4245c6cd0882e6b4c3f9a636f320d71a764e9fe41aef,3928
149,bab769d296209c0575fe4c2416b8622bedea13d21f6f5a19235ba2a0875a2de1,3803
150,ca4fa4269d1dd3e588ff86aec26d609973c8ec960b9791e4fd85e29cefb65acd,3962
151,a9d21bda76867d49153b0dbcfb0f8e91a5ade4c21fdd679255f5e2bb69bf4c4c,3982
152,f86d6f0125552243b8b34fdb73a585c35d2b64012c0eae8abdbde1d25e4badab,3793
153,de9766436d4062f35000b5db8c30d6405074588f8c40f47a3b9dfc019f875e7c,3828
154,96b99b9d5082352f9334ccbb50868439760c0207efb4e8422bea7c821e9dc27b,3926
155,b97380676151c199f67ee60169c8af640891e785631bd3ea13c1bda9043841b7,3898
156,5889ddfffcb1b960eb5ab6fcea3d1336f88147ac7d3b72e12c33119535735346,3821
157,aaa5377dba98a940f6f79e32023b7ef568d5c947a8e8d3d2fbf737d29dc5b81b,3922
158,2c171f95e399c5cfd4c8a68509bbcc11d450514b88f722bf88a7c1ea3075071d,4037
159,ff4ee40a333920f4b38da40fd271cbd630c89d102b5a35ed5b4150a00871832f,3902
160,f6558a26d1380843a83def630990529633ce94ab017b332e9f648cc95bea22fa,3846
161,7bb40b259f0b75818119effdfc48b2f800a3ffb91664a37e55ec4d4b6554e02b,3899
162,7ca365a550a017a484650e6a3f1ea4c2928928ec52455b7e53a2c012f5bbf8d3,4005
163,6ee399a94fbd1f26afcd1190118553c86023149ca503316e3b68360c15e44f51,3844
164,eb909ce260473b13c9c1af1beac61f617d010164f27947aabd1e33a18ca6ce70,3967
165,61decb83bd9001d580c871d574e55686bd6e8736cf3b4b5d9a6a01ed6e6f2f98,3666
166,4f3974e784f6e53a33d4542c33f2ce2b191bd29d571a9a2cac00516ab1698df0,3918
167,3c0d5d7105fa0deceeadcdf5beb14d170f19d886ff4b02af8ea8ba1eadcbd9bf,3763
168,84d7f700d1374968a77c887580666a7f92c1acdedcdb3c02d0a496c5b9300aef,3848
169,8e576a3bfd6a1b635aded17ae1a850f6b4cb82ee29efbf1a3548545475606952,3867
170,7ad622e3a41f676afed33a943838447d855fb36b29b3164e0cc4de8c07748422,3859
171,d462b53546d4131d968479edb4ec7544a4d4cd8f5b66da6b5e6605d47e8b6371,3809
172,8fe68f1dd4c0c22d07f02ab73e4c52ce880065684f0c32e2daa3af575f2ab937,3832
173,52fc71fa351b9391932444d8edfe1bfa09c54f6a272c1ffef7d8875361941f37,3998
174,bac4000ea05e5251f6f7e97e13e8596e76b502ed34eaa3c4cfb5f1746aaa13bc,3920
175,c5e64c38da92d8284aadffb0b2254e06880bb8aea02ac179dfdcab6d3bc0047d,3811
176,0f4b5dda591c7fcfba30cf2177e3b019e66bc3741c80bc6cc86585fa1afc690f,3982
177,d801dbfbbaeca0fada351164f56d5d041517a37e3da9c93ed4e08a41ee189254,3949
178,5b8171a78cfec47a9c3147e236484c903ad813bc78762e1c4c1bd791fafe4724,4062
179,4307bd7bc146227df38799265d023177a072d53b50b87477cac9d7e5e24ef11a,3802
180,8aafb161c60b4d632ef828525271a72f16749f521b12f2e89a2e2db774a922e5,3844
181,6accd31296c2d372309d328b7a19d8c41e5e6b42c1a01b0cd92e6001f9802446,3908
182,1a88f90145b7df38de06f3da50142c9190efb636aca6b6364068ed645cf1e631,3998
183,e3cb226899b4c8a5c12dce0e01bf6b559fc2c5f24b036c9ab057c6414100951e,3837
184,6a8257ed97b26b16dd855d32c84f159abbbd10772facee75605383ac7d37dd77,3990
185,d9e5a0b91fb767475203b34d243e0c2cbefac1e0020467cde625f92d19c30d31,3982
186,b9d9afe676b754a81cbae019097782dc5adf3c1e9c82e72c9bd0420cf1e4e51b,3845
187,41b402055cf76a7ad42f7775c6dc2c403bded79a932df5421e5c5fde36be8d30,3780
188,7779723aedce2d62d51f397b09020e33adb7658587d31b43c01e7dd8f4c85c63,3803
189,7117d756af2968712a61cfe6f3f8ee092bd6922f6da92f6ed833f611bac673e9,3891
190,64a76972f5b2b84095253d76a18b647b1a92b462ff17beb03f79e1923c4c3332,3957
191,fb7bbfdeda705b668d69a9eb5083ea19ddfd08c979d3e812c56673cc27491bec,4019
192,7faeb2cc71153157205d2a66d9305d27a7fd8b1826a4d008ee24e072c8a31e7d,3939
193,9fcc8c385a265bb612719562089b24240ab00d315326a422115a068a655d5592,3881
194,84c7fb5377e24fcc7af5cb0465c7f973be837df08fb270fe00febb12f122e32d,3888
195,f8ecf1680a19b38fb9ae3b494c8801120186cb9384dbb9e25b027aa2ad246e86,3793
196,8265b3fa69176fe0d03d667070a51a0b5a08b2851c323bf1e425fcba1314385b,4045
197,8c51f83457b795bca98c425c13ca81961cd8b4f9216eff83521d104305230ef4,3936
198,df1ca40ce6adfb921fa2686ad7f78f1cefb71777c1f6f77edc2855b6f9a094ea,4014
199,4f22db0e32192d5e1e553caa0adbd50f30a4b6fd758ef81bc3f1d94479cd1bf1,4114
200,d8d2f1fb77a7b225658cab0a397471091e8b6a9ad06065a8e3e5b7a783886974,3878
201,f0971acca1c1377844d371c6408205ce4644c614288acddf7bc3d32946f25a6c,3702
202,b35a32c171f284fac2808eafd625d34a30499bba96297efa19ae40c5b4b7c985,3859
203,1a1e503df26b42b86215efbcaf20c739a8ebcdbf787fd3b578497c20bde091bb,3988
204,aee91e8c0959fa325993beda60c7dd4f53b3712817a01e4570c32afc49bc7aa5,3715
205,d689ae682a92b956c417c275c7a37ec98adcff8d02a0a4daf0918eda5c80a82b,3969
206,1cb51a5180b0d71ed657bdd4bad3c75ffc7cec37ea1413c7b671bb205969c90b,3767
207,65293cd894689c526cd0ff16fe338aabd245d2412dab8086e3e2e82e80cefdee,3895
208,50b90c7467f99fe0f6674c92eaf579df4f2e2590af4050ea82a035e36e387160,3913
209,6afa4bb748c16fb5e7832853631f2e16205cf413d0338f49a8f46c7947fa7743,4030
210,4eb2ee7739288ad5b47935494a47d27484f8d5b2ed9db0538b0206f86622aa93,3860
211,59a63d6482ed931370897418ae13487c793fbfd7e15fea9cf3509ead4cb541a5,3786
212,768798cfd39c6f77915ee7632c2b6010e8cb0a706967f893b8b2988280fbea0f,3918
213,750662aa04f8afe6ad37dd5f245c4304414d9b9d93d962ff7e48604ac08b1264,4036
214,0b980be2218c3dd362984d8067f3dfa031173fe62c8eace504cfddd31037cba5,3843
215,13264b04f80509082d826ce8a570b8c24650555b3d9555bca192e78a53623742,3740
216,c780f2984fc68fa0b7e2fb35ef4dd1f883b33d8988fb9b597ef702a42f1e9c74,3834
217,f50c76dae6c60886a50c410672798cc17aac949f928312c021ccba90c0d0143a,4008
218,e79d470e420d6baeccc26f82a60788e9ca0a26b12a3380fea1bfb3f2075a6e58,3698
219,740d22446156c385f07c2999408cffa55b7f742477429708b2b6471f7d9e422f,3789
220,4822617a2e1b1c6ac4ec76da2f1fb3be9df63027c6a1dc102e91aef7b89ce9d9,4020
221,d27dda7b0f3ea132e96e94de70eafd877eeab1944dd3a7d981bb0414a4941891,3840
222,b78b73e653ba39417c4d703525abb688596abe816d182114bf8e8654f32765d2,3780
223,bf5548de23c433854c0061b0762d5f996f0a7efead94b2fd4d7780e8b09467fa,3988
224,0233bb95a36cc48058157ab2aee26691f4e07e2f600843c61c409ca363493ea5,3939
225,4bfa06a85d06f35517316e38810624f1c19049aca2253033667a21aaf20dc594,3846
226,3bad0b1a076abbe2f991e3d57de35361b6f523faebf924d2105dc5c6606949c6,3961
227,f5d62bee3859d06ca3d95cdc8548ca3925fef798011ee6f7ac4ff3f0e06ac9ca,3790
228,ffbccff048d4223a8a3fd91c9eed2656448037948b2432da10a7b1375540e47a,3763
229,0397c1d91860876188f82ecf334778296ea20b2933fca6ef3aafabd59cc1a139,3835
230,4f25de0b1a2219c30f2ba4d85faba96e253c2b228760c217fb1cb4b2ffd152af,3810
231,019f3d2593c51ddbced6d7ef7fbbfebde50e4029d9e430b76f6d83208365d3b1,3694
232,3c33d831b4d800a83bc0809a8d2bcfd635383be37b237430f77ed74a8b1a45d9,3868
233,5954177d1bdef57dec6897b03a5c9461c168b07a2c400becab3acfcc0ce8e08e,3878
234,a005759fde0a3a6df5da76487b6f77f36dd9dd2caa5132ae0999cc8e6b09a8bd,3934
235,f2f6169d73182f181ed6b5c88ed917c165d7ab7c87d8c42f2fbb591fa66576ae,3839
236,eefe36c092f53f69b765dba3a186e9a0d90c65404a9b0eb7ea102db465474d3d,3931
237,7e3be5104d11594ad820dd253d77744b0e5e78eca2cb3dcbd149f404b95775e1,3814
238,fe25b034ac692f2f220e0b9e06b5714d392d7854bdbb40d80952a5fc2d80d9ca,3752
239,2840a82e403c31326725c6643c2fb344c337cfe54b20a3bed4932fbbf0ed56b5,3956
240,39a580964bfccab98254a313f63c37db93a7142b143ad9634e97c13a468bcfa2,3939
241,1c6d75f894c96bd4546a53606dd45f7f52dc6ba69cc668300dd9137d6b58326a,3932
242,1079a0b05fb84355a1ea5b0fb9c5c270086a570d2954a53321ad3483728b740a,3783
243,f033fb27df154d89d239e82b3ec65ee5a1c62d93f53ba0fa6f04f91093528199,3838
244,fa8ee5cc23fb8ef8d9fd9d0d73473f9df735cd181afc16c6df2030f77b9ab99f,3810
245,856fedc0b2caa94723a354b37e9c22d1ed6362c4f4a77a19a5e8ada3e7e45433,3752
246,b35aaaaa7e6a66faace11bd7981373da6259f10a640679e168be5f57cda5fb84,4020
247,ec3ad5336195d3bd66d6be59b40bcc3a8d501e0c74a0168f227c0967b04790ae,3687
248,1e7271ee0141dd453b1051cac6a732ef187d9f4821e06b63f1dcc5e8cc263227,3908
249,e096c44bee22f747d393ca2bcd2dee6a90b7905e7868332307cb93d194925734,3811
250,ab1ad8b83d17ee5b2b4c223caa845e729b7a97e6ff2f7f0ee3aed61e64fe19ba,3805
251,aeda04545b8a71326e18bb50b6161a9328b593c028dc26eac870aa2f77e7c7cf,3783
252,6373ff6822a16b9525f3776e7ec21337f114bdd9b93ed62d423843943fe067a6,3952
253,e645f28e39962bc61b7c3d7336565432a46c0ade6f8f583118217273da178de5,3727
254,9c9eb0a468c0fbd721c6bc7c0d1fed81bac43d8f202b11d9cece764a5eb709d2,4082
255,62148d6fd2b869e27dd266439ef86b8e35a633e946b3590bdd28df8ad9922e5c,3812
256,07ee9ab2b010a30518364b76494ced9cb8f48a3628d53d3531c1cc508439d818,3964
257,f121a20bd1677c58a28f8526fcf9492abe71203f3430e3c14aa40da7e5b7a3f8,3728
258,55057245e3cae37392af8f6c7e35046fcbfc7cd97d600b390450ebddc79fae47,3715
259,73d1e9eb3f15214d63cc99b4019197458ce1c1fe34bad5241275fbf680aedbac,3917
260,b7d53ee29ecc6178b2f692e650e10af2ab634dfc58a83590ec48c07b32bb4066,3952
261,682937365c85ab3dad7932363f1afbe88119e3b048802802dd7366cafd00c479,3874
262,21564eb7808592196b39623f75681130c3fb7fe0b0b8fbd8722f2dc6d0354f91,3909
263,e5b8a5648e609e02ae0f974a65dcc335bf7f7867ae633938cbb33499c0ba48fb,4074
264,75ab4a209160cc18a151f241e55f70ce4048cd0d6844355a3360361188f1f6b6,3872
265,ba50f22ebef0cc10f2a0777f6c0fa5745b1c5497ec3995360b2f2f8e863b3fdb,3875
266,963c27cdbf8d40e11e6a05d221f34770ed44fb128215371d5f47b3f6037eaf8e,3947
267,8ff796d038db58401407e87f927caad87c0b3b62de8b4a12dc6c16b1638629e7,3853
268,e05cbd947f3be97243603dfa62ca1f08ad6c0c488120b36bbfcc8c3e3d4afafa,3796
269,18beff9dab550d3cc7186ef87808cb2aad32edf1be9144d07500fc8ccbdb7e1e,3740
270,a4517389c188023692e19f37dade82c87ba50de9b028886e377d6896a2728984,3822
271,27bf9e6250f1951cab02fb4f4f805df5e8a0ae855d729abe83cee5432b707c17,4016
272,ab1ce716b4855b6d613bbf3552985fb9ab9d494eb896c2993cc1707ee1cca832,3896
273,eb45106878059e55ccf2ce258dda6e246eb15cc01fea23f95537eaeb39847bd3,3785
274,87735b65fced822ce52672c4373d8680f0b60642418e95ba87caca6b13ddd0fe,3756
275,fc817f4d058ced176f4e9ae0516b35a685b4084cf8235a4ec64370befef94c57,3770
276,7ca4571034ab3d5f4e2f2db8fcf435f5f377ebd39b7e2f7fdc83f59e0f219667,3837
277,6c536e7ea4982cf0c4b74344146fb36617d18751e43aea8072ea46f6e95ac608,3910
278,7c494e2cb804c9304bd6ecd508cc2ea022c0f0fff344a8a587cfe43408c1d707,3822
279,70c22f182b424ec436a71ceed2a05b5226b7a2669212c11aca618ac1a1c1f0c1,3939
280,706673b823e680c22844fda5a8bbfe8216d495570adcc1e652f2ea3aeeafe9c3,3934
281,91c4b63fba65f4df220fed64a265c9ab2f041d6c792f5874d2916c226e169a18,3717
282,37fd9ba363b176d3c8a0721221e6e227c840d69995af59a8da628f4219f9fe09,3829
283,c3e7ee9475424851358fe6946eb018f84aac92b5865e3c8b809f51e1f2e8dec3,3901
284,d9dcc1864c114e25a0491160683b5fe314bb070bab990f47bde5d1ce1b3d02ac,3928
285,8065c7821d706a247ac4a56e10e7f4ca3ee0da37b7990bea11751bdbbc7fc015,3992
286,52b4621bf3b50ce03b2a93c856ae3e0c6825d65ac4070cf3ceab96b420b12437,3772
287,602e37ab8f072597c22083d47371c0c7b09d2e333683ea3f153090c6ada08fc6,3902
288,5426c8be20e1f3f31ce00e31a2638eceb9117e8331f46541be1ca1401f41e2a9,3847
289,88e11437c061c3f3d5c8c086320125ee7e34bf2e7113067387a106530bdffc61,4044
290,9438ae1cd0cef6b1f6f80633d561eab140a1eb28c608ebc86d90191548a783fa,3836
291,9ff10852e091c332e19ae44ce7650a57d8743fde1b86d6830a7fb8f4a070435e,3709
292,3b3af50dcd18e3e5f9cfc9b2da621dbf2a99666e20c31348f9feeaa4f0f268ea,3900
293,64141d70e4602593ae0c8d04a6866a4135a04b2087067e973ecdc2e6281f049c,3869
294,91150fe39dede162cd892dac33d6dc75473f91d332ad90e0661f7df12472a058,3978
295,de766edae560996218ab199de43a3dc7e2c0ef27c8e57983152ccac920e725a8,3737
296,54d22f5d8e9eff9cd1002879bfaacac44c84935a7c0ed17ed2c9426cb6908ed5,4044
297,ae81f16e17ca9fad18e8514712ba665b9a8e55c4150692f31c91666e3a3e636f,3834
298,ce34558e96af9c274b89ce8f7d738b24bf4fe5444a962fef0267a17849ab83b4,3951
299,bce1a7983b8eade4ebccf6f94b80fccd754a1a4242fc32b17dab6f9db01997e6,3869
300,05148407acc4b9776579999ff1df990917c9e493140deb6fafe775190860b2c2,3745
301,cc7a5b77ee4afdd5995d72c3ec5ac05fb9a59bd1b21568757ece5e6f164851b6,3858
302,638737a6cce9521f4c8db32e6a083dbd0a853d8f5fbfe8a6bf9f0f6410622648,3892
303,c883fa57af7572d5accf4ec66c9c4005510b56ec0ec18986db900d277088560c,3992
304,d7c674eafd16b477d555ca0ac23bbd3912569c6cf45bb70794c9dbfd30989cba,4018
305,c04a2ce46ce67c4ff588ffb661dd888a6550c06b37cc8c71271071b7aecb4348,3858
306,2e2cf0ca6667edc358a0d8d78eafaf96fda441945ea222f2b242048f287bad57,3813
307,0f2f9690f3a37f7188dcc62bdf251df17dd4aa2617d0ebaedde6c7c51569c59f,3797
308,744f6c4fb298d89b360145373d93120f7aea4f07ed409c6cfb4d89bfaeb36dc0,3873
309,af71e52cae319c74aafb2c19dffad5f41dd0997592e2b7b0102b9ea7f3e4e597,3881
310,3ccdef3970c90d39799b96dea0a08a0ec7ef970f8f067255c260ec186b4399c8,3874
311,9efe4e88e7f496370b9f900c0de14ce7e11708d94ca97f2d33e22e1a69c5966a,3947
312,8733f74b02568fef07302490130b84326403f20e26d1f71ce87bd81725f81680,3875
313,8d8891475121a0e7756defc1a2c86f9f1c79bdc1d4a6d43a7ca52245d2bcf063,3946
314,04e09783a8f4ed1d74743bae7c9a68ebc91a92cbe1debd665415cfe25bdcaf8b,3850
315,9412bef0cd14f3f9352ce9bde47a32613bfca94801545fc288a8a5634ff04e98,3830
316,1ece6695eab1a7dbc2c37e8ddf494c4b8bc7079e225107dd7cfe7179803e2bf9,3996
317,1e0cab13b5841775592dbda8908456f4a278553b46ae2e803fc9f64b9cfce8e8,3874
318,6c2ab9e5087012bee911133efde3fd3238c4bb5154cdb8dd8076e6c1bd0e39ad,3890
319,be88ad82d7a7b7a0dbb3dbc180fb8f61097f4e9169a34be5a0040a51e27500c3,3900
320,c2931182de67c238c73fac2c25f297f8f72882bd4d556f721ec7cfe87df5479a,3692
321,045be3155d694a808dc446e90b98df71215073db0a426e760795c03262c86a80,3910
322,7e48af6a0aee3068d4c130515d620474c7e675fe6bd85777c7281158c9403edc,3847
323,b2fe1993b6b19320a83636e0b1c24cfd11903bc7671519c92ef826133dde1978,3930
324,2fa51aad4efbeca4681451ada8885dd321f2b84865f719c5d0e645d0d83acf8a,3776
325,bfbda7c68d6ead3794c77cb8ede1808aff7f0835746f63c4a4cc9956021d97bc,3817
326,42d3501458d94ae3ae8fdab3d244800abb0997f33df9077eeb3197fe6074384f,3861
327,925a0029df0305bd6f0efc59e0b88b935532e41232401e8505982c211981b0a9,3897
328,1280303875d1d661a062eff9bd76cc6ab1c1c51161aaeffc2c9b51508992857f,3833
329,f2f04a428b6ed7024c30c47c8daf863bb6fb9c0597b16834f48718ebea88221b,3884
330,00a0960a6004c3bd7e3009c705ab0b7dec3ea7833b31a691cb76af69796c75de,3845
331,54a0285b964a6717a09d847bd2c48dc7527b76c78b44dd354e63bb96ea32914c,3777
332,efc9c07cdad05688789401b52f70efdb09552fcdbc175d3f682621e0cac1260b,3876
333,efe758d6a72c20459b89b4a17aec7d7ef4f4deecd6642c1a69db424fed5e6fed,3828
334,8945a376e701120dd6b1546d39384c51e1f2394874c89f91b06365e287bfd867,4032
335,127f4f38a28b04b126c84cf4ebe08f55cb343ac47dc89fc530575d96eefc1297,4017
336,d8f2485605b90598c28cc8b3a95b3e896e2838c010954124fcddd77b63d47948,3910
337,2ed7c0319e20b48697e1579d84b1cb6289695d452c6718ee56ef489cb5521b57,3821
338,2371599dbabdd653ba8d7680dd74b2437318ef1e351734511e9df0ce3f1505d7,3862
339,b44a3a37fc122df32f3db70d404e3f93cab3de3b608134d492b8f1c814c1ef70,4007
340,aec8bdbc5688ba3adc0708f1c7085aab9c35b7fa32380408c2dd4141f92a2fa2,4008
341,20e6d00ea4226ae2dfc2af94ebcf1081e486ebb41b186fce525c9b13fc02c63d,3950
342,1f742e52fb1d093d39369656015a5f95274a52df9005a9d26606744c6b58c203,3791
343,7fc4a945b6935e29bf4bdd70bd42bbc5dd385245e13dc54bcabe94b2cbdd9567,3790
344,d8e1b7194fcc172068928c81e773a67246dcf25b40cac327595dd238957fad6b,3810
345,d59aed1a5805e37516f032c2a04c586d04e40e6f189b66ce9118b930eb41fab2,3748
346,60dd6f73339e63a50911a11e1880bd55f24b0e92824f8a7426a08b6227919f47,3963
347,020e2616fd14cd086ec157f245575027cbc25b7787a878b95eb3eb101a5cff0a,3817
348,be208e3779a9fcfb933f64276ba5a146b5cca18dba143258f8c03906427ed64a,3932
349,ced1abea0bcae8bb3a7aacfa0da05c6d60201805aef3fca28f433bea0c76af0f,3852
350,313652522d5757853412a7284995cc2bbc24d3eaa785ebbc4075488643c69008,3941
351,21127c7a66619bdba7179fe9bbde078faddd5b00e53dfbcd660a4c6c3becbd16,3802
352,65e8daca94af47edcf1e0fcbbccaf950a33f73834e91a4c9a269d711b44327fa,3910
353,546fd3e537243d885c68acae13f761b5f82da55a5e3319969439db87a718c9a2,4054
354,1e07c71b26b385ceb9b55251d3bab38aa89600880f09a0f24ea26df77071494a,3965
355,d75ef3ffecf4bc9d1d5ae8259d2dd099761d40cd8da26ad2acd70fcff5e4421d,3716
356,5a46a6e82dc7f3f3fefd6d86b3d7ce9d9f892ffb433e7f2656826c6b73e1ec7a,3998
357,62da984079ef132f5d7fdea63791375ac6a06ace97a1e9d362de2fd57be0c205,4083
358,b8fcb74187de5e01b4cdd2366c73f0ba8785236f2ebb8ddb397906b3af46f20a,3909
359,a8ac841c22b824e36fd398f28a9078c736eb4427356a092f5b52abfeb408b12b,4060
360,9165c3e8997240eae7c1e02960c213288c482821d7aa462f845a1dc8a8c92940,3810
361,8a3e638e71c6efb841501e52cf0223276ae19d498b32828ebec67a47015b5b3b,3837
362,db940bac14b92fb644edf8de07fb53b745a5ea99308df1dc8ac7cd7a71206b51,3720
363,fe4d675f14c20b813820c944fafd379f41b17c0bdd2eac1554887001491bf537,3958
364,308f10fa1407118d61258773caa7f074df2e954258ad07bae34483aa0353b228,3991
365,fae9881e3f91021a7d7091072bc67da7dd700689b6bc4a8ca0b44e2aa27027d4,3919
366,9535d26c57806f738663a7c0e6471b580a2b861eceb946961ac49301a5f7f851,3819
367,d40745f246cb906786c35e554c6a6391a6077d2661057ad344b9f3b4093c43fb,3993
368,34a6e318b616953c443653c4356a598a3924f83b26b1f2095411ece2cd7c1c63,4053
369,ad96a1935029e3bef21bc19cfd52228607e4fe133008bebe865408454bc9b794,3994
370,805eb895d0a44fd2d09fd645f0589ce7c74593537bfbaab3151350aa48f05b82,3791
371,c4cfa70374f913daf2606b3201be488341d8b2517db72a53f2e62e5d7ec9f8e5,3883
372,ae70dcc87d81fd705364ca7e54a3f849043a61149be6433a595b8c5b7b8d4b8c,3836
373,1b0feac9d1a46a14fac42e10d791c289933ee0feb1c633e989edb5464d0392d3,4018
374,ef307b5c9f90f45a132998fb74399c4c6f2dd63f128d8b46babb337b524e5ad0,3643
375,c9e41f986ca004d943a39ae873849157ea87954ebd0e21c1b457ed3e89b077af,3882
376,2ae53deb9a1d575ffa80117eb3ec94a1c9184770eeb2395492aa676b7da6c607,3973
377,bdc83772fd2d370493077f3c9079c427090209ac7af61e0cdd4b0fa332ef4d8d,3869
378,f8cf518a4165e22f45e98009f11ffc8857ed4142e58b348cd3401d3ab299351d,3949
379,4fbb5565055733873d585dbff4b0379701fd02b1bccaa38c991966801f7502a6,3876
380,9e5dfa41eb3f33cf61d7d4f4e716c26e648fa50f1b09072444b341b77b3d02d9,3784
381,af5d8e5cecaabc91824f6b63762b83d5074437f95580658306989973796822d5,3952
382,381e76589b6835cd23d836fc61b6681d5384f6008968a89085eea4d70e2b1959,3752
383,27a1a7ac6c24b6477f3272b9ecc50f80521a0d4256464830d32854a3853f0424,3789
384,8afbf8275466ec482276cac64736bc12ec2da87ed2633041881ccdba8514e690,3832
385,6978b511d36e5dab46adea9d94e509ab323c6b73131c1b9b8838da08567fd27f,3901
386,b4f4352cf38424c10b29efb9be004065fc8e6e2ee15c18aa13df953b7d4fca69,3774
387,631f32759d1736cb4c38e5454ea6985e9de0d71c4d5a04416b340c063a247700,3782
388,8d17ff4e5790839f7d8897f82268163b08bea580dade85c1d1f165c136285e70,3752
389,dd89d6cc5b76c09575103e410072d6b5b7501c66963a317259fe7c2271f16550,3848
390,c0dae7c34253487ab7f64b22a834e1afea7931ee8415b0286c8d630c7c48200f,3994
391,38554bda629e6a437284a9011a672c412fa6321ab696fc4e628d4aa4e20ee211,3916
392,ea39c1e4dccd8e8dbd2c7caf5a4c21877d4258b9c44650f13cf775734b913319,3995
393,778e54b92041f7a9f4870f96b9bbbcd61d7d53c1ebc80bcae5e6c81ee5254cda,3764
394,9ebf5819540da2bd3125f7aadd08dec0a89edcf56e4e2757c11213dd7b94c136,3685
395,90f4f398f2a8ac503933fb13fdd30c77a9fd82166a57c66ce2b7418fd272b4f3,3949
396,0bf61782c0e230eace3b8e1bc36285fbae8e3b40d25c7783b0e106148ec90e52,3837
397,d6e117a2cc1e9fa5f4bdf3cee6159d91f454253fa3f0f91176b34b85b1917b8a,3880
398,f98b11bc8d1c88f238d7a08e15b313a0c3d6fe1cbb97854051547034a199dbd8,3704
399,957366baaa4fe0b5700b4768d17e209f178a1ce22c82bf607dcf45530360b079,3783
400,eef5d5b2ba6fddeea65f343ef1df10e5a90585366496edea46cf69314f718953,3848
401,ea17e6b55953847903c3adb829821c8a1bb3e40311ac1375c101b2c56aaea17e,3835
402,01b3a0f9b7fbf87eb21ba9ef1043dc6b15b018009da0341db3a3e7e2df0ce55e,3973
403,5dacba3144d7e138144a4f8ce8caf4373ff3d0072da932bd1980f06430e75fa1,3887
404,21591df1d2f91a351db67d8b61d2df7495797fad0077a88334c293d142605a46,3824
405,0d01e494f72902eba73de5849cf2c2802e2f13508221bf8e02016388a2254852,3816
406,f2ac3a12df7658293529ceef2678c613811fd6ef8b38cd3340811681530b2b2a,3932
407,3b0e5dec14405796975d5d939735e246a7eb24ab2e050eb3689b50ec71e759ef,3820
408,31a641321acd1f1a0fa55683581d5533f31678d847f97202986608d10e1369f0,3983
409,58ba03c13dfe6626915b6cae38e3c9b8ba714d44eee855ef4edfd0e659511b3a,3978
410,b46cb95fe620d0b6e8b610d16f9d12b7e8b1dfdcfb6c2da34eddd91692da446c,3841
411,a9012840018f36d9d459fee4ac506c9629ea5dcd06bfe51013fdef51460d6015,3820
412,cb6ab2ea5dab5fa8545c0c5787e6a4098e9aa9c1df25bdc9b25b200c90754065,3884
413,0dd13fdcaa64fec316549ff94dc851824e9bad25ae136a19796101f88ee79758,3707
414,6a02c7f6b75e64bacd1ff0da62833e73b7394332b576ea8f184237c3a4a45bcb,3900
415,267bf1650963f38dd94c96489c2e753cb39a7597016541f8abbf5600430e6356,3783
416,52d9502d507a3b32bf4f401dc32176fd970719001cf042b628d8ded66a30a972,4018
417,02a91df5d729dc879bd732dcb87a4c3284c6883ffab020f016f0b10f23bbe8eb,3934
418,49a0841d9d261c25cb9ddee87c4410cfcaa841dfbe1eb7821c763c23c435acce,3977
419,953b06a7b29149b2bad7975592f0e9a64e23ffc73d571b82aec968a23c25c3c5,3815
420,dd800ea18b926a66aca123954f4a373ab772ddc1d8b3d9f55b7d1153404c9e74,3981
421,74296362cdf48e5fc1a2d68a9002a18b02ec2cad7dff265ceff81682fc4df648,3965
422,640f551794a9e53ca2fb767b5ab6e6a63f30aeb11d73e8a564838ca12283c5f2,4026
423,7736554565cbd24a4f1f20c73d06cda86aba75e98d8e8af917cfc44366ef984a,3776
424,c9f20bd6dde156433104464e428e03fc88b4e93b4f28926954b42e679889db96,3917
425,d1f2319b0ce7a1350b8e54e066156e1f6e40e64ee93e7d1798a6477e9417524e,3849
426,206f3f2b5fb94484c87a59b21345cce8e3722f0e9d7eb405fc702f43c610b50e,3858
427,0ba3ad0ad175ecf347b73778d5c5768549f11221918b35948c82d8732508cab3,3707
428,dd1aec2f24bff04dae2e349c40ddbba1058ef508edfe1ebd88484505aab3b218,3995
429,15111865fc73662d8226c6c48f536baf4a5d7dd879e48de23f8cf33cfc5f11bb,3991
430,dd2863d476121f5c7f3e94f912523153098a66e9e2a0392822375dcb9f4da71c,3884
431,d232f7f18ba87a54e8f5ae88fa2a4c95b052f15e39086f801c1abcc89677fb63,4044
432,7de72f464146c987411a9fca275a71aacadad3df08a88dded89f0fc033c6b83e,3676
433,44d9d1246c7e181013db63de792cf962598245f63061ab47972b01fcaaafd137,4000
434,2725cb331d6ab80323e677b03300aa0821e6d6ee7af4b08fc22ca8a74747da5a,3934
435,86552ea498f8572887f6483273a5e7d9780ebdd4f65edbbfda071108c63a1a27,3896
436,99465304ea1e20bccd2820967f5edd633045cf6379edf7d7370ecb8b86e82b21,3882
437,48ee7f70e46ec3f7c65a9379dd9a1175b304c772689bb48c209c1d604f6e4912,3858
438,4f3680c0bfe3d3d18d6d66a7d7f0fcddc18f778b1db0b72a07bac0f5a0137722,3706
439,6d8ca3681cefb8f437df058edba92a2c6986e9831eea441796a6022e9a4ac1df,4011
440,f3d40fc19efbbf3ab4b04da0a4967029dac3175819f539386183798df4f5f0e9,3740
441,eeec5c9f456fc5a663d8fba84a3bb36b7fb9bfed105ba96d69506417ed3d4b46,3810
442,6924e49d811047eb65e4aa311f1a76c7dc516063a5d38c44fb156e49a7986173,3807
443,c3da066689e7cd1d9530cfcfeb8e91159371ad7613e3a63139af6bd4cf3b0fb0,3853
444,372eb7466e20ac7da63035bb97ef2f2d74795cc742b1e613422dc81fa1cb9d96,3948
445,2919fa97bfedf0d76d4bc6ec075bc275b38c9d5487aa4645cca288e5737fec63,3976
446,124f1ab9a4aa0ddf4822c74046dd33901b71043207248bef274081dd4893bdca,4028
447,7209701f9624e30d53454e7affb31f5eacb407e2674e5897d5b4e00b511e27eb,4064
448,69895b835dac32e4df4aa67738290e2401668a73b86660713350c97308345441,4002
449,e76711aedc4ac691e727e380a178bf6e113f8d578c35e8afb919920ac6997dda,3799
450,26d4165241b0957df0b4af182dfc2290015097fc669f2b4ec43990c2a894dc5f,3680
451,ef33deb979b642f3b73f327d5e5607585396b79339719ed33512a04319446110,4042
452,743b2be6e0e221506b1da24a04bb8c66dbaa7b33064934b79f27225e4190e368,3842
453,f466c783b28da510ea35167a225126a0c26868c29bbe973e12435e769031ea41,3861
454,dbb90c5ea29f0b9f54cbd3fb926e1d24c1e4787e2b7fb40efedc4a0d1b62ecc9,3749
455,bc7996d5b2b48e62cdc497cf7aeb263e10be906eb5b6ff99b66374898d4d9872,3782
456,bf481b48f7c8478092bf8e90b2ed42fa65f8528c2d34d1c4d7536be4911fa431,4038
457,aa9d776a6741875846f7b06e021396d3360af1fed838b7b20675b54d5a010f24,3967
458,bac2ffd4a47b458936620475e2bb6abae70870b953767c201509b2a872b96b00,3875
459,7d8ff7a85859ccacd76c25fcff5e33ceaf058be224a21ab1c0fa20d627fd8591,3978
460,5a5dd452ca1491cb8ee218912bea0e0790ad89e9972da344e5eeed0bafe57e06,3811
461,5a2b9e2714bb3303cf37ff05ac4db2fe48b3a37b7c8a75bce319aa34bd77cdc3,3961
462,5d39bf14367b752652d9851c2c7f52de4d7d2bd460f98acdf083dece89b10867,3714
463,f13fff9309a8d38b15aa7d8aba5e864ae9111e477d562730640900d29685771d,4012
464,a77d43740daeac03cac16591d8902cd07c8aebef67e4fd3e5268df1708dd5dbd,3954
465,9718728b4f86046bdfc51f0125e35273513907f32b5a050f28ab0cc2327e9269,3873
466,9ba5a54a51420e79d72968fc2d75e2fbcf40e2877eb32ea42be5a4be8c6ff29b,3849
467,acfdbeef37e09a985f4c78f26fc169bd7525f91ce29426e7d58faef0ffc25fe2,3906
468,bb25723ddb5b0405c63203b0d4b78873e4c79c444b5a29b5450552cb1cf3f878,3842
469,e073b0b4c58ed727cc38f2dacf33bebdd70226c5a8e74ba049ec02f829d670fb,3914
470,2d182c46975374a96e782508ab6f01a46e38d6118bf873d1f9c0a61731f3b0e6,3741
471,a95bd96a48715d03b9cc852cb11b10cd4de8448fd5e05fe6df58ae9bcc18a0ea,3737
472,a38e8faaa8443e2bc39817489021aef8e171175b7de04459b2a0732f04c54855,3713
473,b1ce5693ef23228cb652c260d710d57a7154cd1a5c8028ff5bf1e864d6ab2a46,3949
474,ecf7a79bbd618c222e3fd3b05a35d95034dc0e54e02fcb4a172a34cbba7b7702,3821
475,0f0c8c4b31240bad5155d4a27040203fb1657b8c9dffc453cc23f1db69539f83,3805
476,c6bfb705e4c73ddc458605bbb4b3890b37bedd53de51bc28e3df4a4534f130d3,3928
477,f2d862eb4212c973735f2a4a183b4345857f16e98bbc76ac93fd6b2cfcd7f255,3675
478,b70d767f229611a5c11a6b99504c6590b75b0e2c55646a5b8581a3673a5429c8,4004
479,50bd8362f8cc8244920d30537c7986300d6de3e129732fc514ce1b9fb1727166,3775
480,4f2d01b12717e5e11d9094d19cbf7f24e56d7e1f891b67ec94db71bccd46c359,3742
481,2edb389008e67e8d11e212d1c1880ad72d773f81d8ad7919dd19124f825c5145,3768
482,e840d4f2c538eefec6a8059b81712bc2b0f11ac9d6d03bdd0ec4d05144377be4,3972
483,459dcd3f677325948dc0d23d207505a5b2bf991828dee3bd62e77c324e8d2c48,3903
484,e94223faa3d55a0af98d47faf97dee2148dbe87748cbb06f64873dcb4dab349b,3870
485,fe29ecad5795ea40ae1c2c7960c0316b099c6f7a5d0cc1a4682d65afd63b911e,3899
486,5ed3dbf74775a66ca68f8515db1a2e75a83fd4fff43d3da8a8b51aee05e3bcec,3822
487,81821da0c9369be903de5b9b6ad7eb5d31c4c0262f16568876c7f80614224a28,3884
488,cfd287f8b11f910cfcd3fc59cbe79f0dfa33d733721d936bea4aad0112445e96,3871
489,846a2ff5b6f22847df09451ad4bc20bcf676a95546de62e3ba1a864a3f000f23,3837
490,447e7f5252e618d334b6b566777f20307f9a8a3db5d02a74439ca1f578bcdf6d,3981
491,0a4d26671f64ab3bac139c43fe1f5817b7385170567e2b868e584b9920bfacdd,3964
492,457426b8997366682c46e1b88968c44407379a6663e0178ed8b118542fa34629,4018
493,e076ae4131f1b4d7183a501060314f3aac1bceae30624690654e7bd8355f6182,3819
494,14b40680054d3da11e4311c92cd7ab5f45035b2d45c43780cdfb6f105e8604fa,3817
495,ec70ea491348568c1c37b8442ea3bb7a24d477a7b723ce261db8492784533c8d,3986
496,5c71f1dd5abbb27b5ff66cb07ab7cff67d918e1d915d1669fb1beefc624983e8,3824
497,3e75e4639cf3f578911832feafb7f065e2ba690e80050ef80190fc2651e33564,3943
498,0c8384632d83c2bc9cec0a8e212fa7c973777401eaf255df997814bb238b0103,3915
499,caf3c36ac500bfa51bd6379faeac377e7f8895dd2898e875675285d59ed7c3b7,3787
500,1cd549666e4d28f04aca3b3d5c03a84e88644897046e85faab402e6d41f11385,4020
501,95d1dfa260fd014c16b85f12322b651d99aa0fb05aa858128a1d523e03e57bd5,3783
502,cac5697c0d432a99ed355a0adc69a2d2e6a5de2e35c38e57f6904bef53e97661,3939
503,2c107f9dc6fdf14facdc439bdc6f5503aedb83341065afc84c83cbbe838ddd22,3971
504,e0658e571c7d6fc8eec985fdd6425a4399d398a6f8609975adcbd30b2e52bcee,3734
505,8609c9c2fa09d674fa5b423d013f35eacac476c20c833eb261262c1dfe4da105,3997
506,cbd8bcba6b0a85f7b41c8cf4de4e7cbaf34a8a4e7685f33c660cc9bdeef1373c,3687
507,33edb195c2c9760231d1db032b734fbb3c72d93d86eac8abb6d2e601df58eab9,3909
508,67214038fffd4a0c0e5356d47b14a9e1bfe4d49a6e2cba06c200fe5cd6718f5d,3994
509,71d9a33a69dae9e915b750b5356db0f1a114c83fc71e96a5e9fc3cb277cdbcdf,3869
510,5a454b31dae131ca4577037e150f818f95b4cba675395a33b0e3e6f95a40db90,3929
511,251496d1013a1f1b191098399b8a210c5f6077e325f155be5c33194eb654150b,3859
512,9de1271e5a2f3ab73fb5f422ed4295cbcabd6c30e912ec0439ab217c985b62fc,3924
513,ff05cc03a03118114dfaa4fc464b9cc02e565fc2bd00ccaeeba459e9aa6dbb5c,3913
514,28dc2651e7c5de639f4d1a7b00d075508b8a7f001d41610f244477d585da1ca8,3943
515,08579dfd1e5618eeacc737192ec820590c06ef2f28318120bdfc59eab580d728,3837
516,e3d889dec86a4c233e5cae1cd89191e3ce8759be30f1d584698e149854fed219,3868
517,ae27acf90e5d6b6ffa07899b1f47e4176dd6fdebb78ea9ce31e72770106f2604,3970
518,d6fc49958c30572bc8dcc39a2e64f206343b45bf866de437e20e6f77ee695813,3950
519,9a256c4b0bb0828e87a25020c5bdc2e8468e95c5de702821dc81fefcbbac4204,3984
520,e4d60b27bd81508a0e614e22c57966a2dbd3c84d4acfedfde7b3d3b315503b74,3865
521,7d42b533eabbb39b495ace034900c3e0b00cc3f320f426ead8de7598d7655d8b,3898
522,5aeccec3c426ad020e4eb71308d601d240f840883b794be64dbfd12bbd6b03b0,4035
523,33dcb143d95911fb083f6e1325d4f50748206a0d078fd06c374b09e0053013d9,3817
524,73175900472d8d987d4f90e3cd6d71b8752fedb52937ffc69140b0dbd2dc40ad,3801
525,96604c732508a43bacd5eca9a00049a4f1e3d54b3faf4756f21ef674b844ff8d,3899
526,145b4bc34757b807adfdc590fce9512883a4207ce8a485a67975e7818b421d79,4015
527,d58b2056f9a9bc011f33a34bf83ca8b682a1586c6af7e699cb228d020827ef27,3860
528,ab2f36679755ee55f87e8473901c93163abdd3101cfc276c7bf799587798634d,3918
529,a87f686320c283235e749436f0081b720ecc401d6a7fd87ff408ac0c43bf5d40,4030
530,9e8849741adaf2db01c0ab8a7aa210a6ca8cdc71e7159aa71afe6db55bd4acde,3973
531,42ca67a9eb1ac41c6914cce7d0656feec1c103e683dfb461a0b27955a6e59420,3766
532,2b7c3574c82ae1d221911ac5a2e9dc11cb416e3a6d0192c274eb43cbd494cc84,3831
533,f1bf6ee47d742f7d2af986781a0cb17934de1c50a07583bd0c3720479b354dbc,3943
534,ad84fa829f07e6c5042c49ab402450ce37319463b5ce924aaefd637d18930bff,3898
535,6252c0eb4cdad2b1f77d8eb6676d9f6048ce81941257dc4a3fc2e31ea2b09def,3817
536,34a6e9e94df769e045014640823328cab62417f49f24df22c4fb30c9a5f437b8,3894
537,b87cf2f76b3b852e2954863c5d07213d5d42dd821933c686abf98ba64e8eedc0,4080
538,775b3406c2d32edaf0a6bdfd3ef65e9fd977689321e6cae6c787a03c010322dd,3776
539,a967e75999cb7465543368446083c753654e00495a0649d01ba0351a0001edd6,3859
540,8a5efc845602cf61e4ef72cd8d4d3aa16770a43bc7d22c03882cd4effb082a5e,3954
541,ad52668562455c9503a0741ce9d790ccfd9f418762d7903f1eb8854d9279b3a8,3962
542,c583988c6bf4eb728acbe450e21f2f1b5928951e2bb191d14fe18ec9e8691f72,3823
543,52705fd77ae3e1284a9b3059b0322986e2233178f4b8520063d84721c0b70cc3,4042
544,f1531f5a7a3cb641d6b6b6f92aff3334f14a2022e56e546dfb355f0d40b9a7a2,3812
545,d13544148ad2c751af216cffa9379baf9fc31c80598866f4e5cc6d77474d7489,3896
546,33883b2a36a30685ab4d217fe1aa96684633c5a800d7ba7e43cd860ff91f27b3,3937
547,a6ff4dff4566525a48fc15da9c123a898c8bffdc8b3ef19679855518bd0533fa,3816
548,4bd9b8b5b311397f6b9da8d7144ed266cf7ff3856c783b85d049f0509c1e2a8a,3827
549,fc10fdfef5a1b751997c3f0c8fe1f4060f4913c9ccb7f1af21d32b68f06d68f5,3980
550,d59058c309f12b25771ec683275a4bb1b5fa67715d0769567c487459e84b9ea5,3816
551,9e2ec256272cfb43da82c85376fac392932a4556783c47685924fdf22d90094e,4022
552,e46616127ab1b4a00c6fad7032dc1ac90536b151f04d1a38fa08eac3bbe40f94,3810
553,f5d5c09eccf3268731294dd4a78ef2a3c6aa7a714c7f48c9d1c4093ba21f6e5c,3813
554,2e5f2dc1567fd577b356e5113ab046bdbac15ac21d6ec2408ec39f9f7fbb918f,3742
555,e519e0f568918b36cdbf5c717e4278d3ae5ae9e63cb5640449ed4c3fd6eb755e,4058
556,6040f3097bf05e4be1b5175d84ed361525893c298915082f6a962c3654e3a715,3882
557,2bd2aba46838d179bea0a039c17204f0020671f2fc76e486f3b88fe9e23f637d,3918
558,25e912f9fc383e0e9e443ef0aebe70a54e0f875a8a56a012b2b25e56ce460edb,3842
559,296ab3df5e36170e4f883cbb313f4e6be84cb2c74c380eba2f61a655a33c1e96,3759
560,7e0c90ad3f25fcc60c5d5b5de976bce4464368c6b70aef6a999f054efc5408b3,3878
561,62838b5e1ee63e7cabe4f27eccc4d80befd3f83038ca83251809d68950800e59,4014
562,c68eeadb46b223044e29fbefe7b7034b54ac05649756f1cf61c3deab6ffe07c1,3805
563,357932f8fff816a3bc8e4caecba574d2e10c08955ef217db50037029baed1ef1,3997
564,5444f3d7309e539be27d24ca031d1f638df3027be07484edb328aefc2629e9d2,3625
565,9dc8a1b42cb0f2f82a67cebd763c509ae6dc2da87574cba4c10f096d5fd8d209,3969
566,cf316cb81728cfd47a2a6f49f49aebfd50213265780cfc21d3b6ee6cdc0fc489,3789
567,5c83ddaf59e5dca4d94847246388c8021641ab5ecb412e6f5393c4f824d16b7c,3961
568,54919f23ceebe55bc744571740af18a58849fb86bdc0d71918aaef7567026514,4047
569,18cc2a8828797e1934ad5999b47c2e9a32d3f76abff2639afdab7476e6cba6d6,3718
570,3a3adccbb8e3b7478b1cd546371b224846b68c52d596c7d04a84c27c72c3dafd,3953
571,fe75123db231306b5e9a112e9d3e75890145dd1817bee22aac27022a4cd78ecf,3711
572,35572ba0876eecfa6f20b04a33e882ef0c5fc2b80e807f69728b2d8b257699b5,3893
573,6f9b9182add9927cc45bc1ad0b8571e0f56b5db88803edd258314ce184aef7ea,3846
574,ac16007062c39db4d1d7bd78dc70e95b9707dd7973ed7401671ecc8e09a46eeb,3963
575,89cd6477db265931746dde425ce09c0e7a69c8aba72a41408b5e686613409a4d,3868
576,ad3e1a07c5c0dab5e3200a9d05ab5595dfa2f86fb3bc22b1abc372da7d9712c0,3992
577,8e92f3a58542682a018072b9871168d7f0aed3d4e2381e7ff8a9e62e5266b140,4047
578,e6efc9aeb58a6f48cfe00fc25a704151b9da374aeb5006c9e86fe577e5521f99,3966
579,84bf2379e3ee09f6b4aaf5e29fd4a30604d1d77b751ea9bb6819cf56e855b3cf,3951
580,810d798154faa53b1e9a49d5a68e6eebc9447fc29956ff8f1b3829e88a18ac5f,3964
581,e3e3f5deafd8d784e89fd460389a3f15805e4d3d941cab5128e89094a3b9d896,3625
582,ec6b73631e5caa84225149b924311f9fa12c445502c0a86004bbbe480d10146b,3899
583,fb8c17c726893a2011c46a5ec62ff5c2cb02e25240d9a40e0185c1ce8ea81570,3704
584,c60b2625808088e582d84ed90edcc9f57b8b4feabfc70f93b4301a8db496ac6d,3849
585,70fa1aa89d99544b8c5a2369cab28c15141b742c3c551962fd49ee3d8b3911bb,3885
586,e5b4162961bcb05c55f595ee14071e0b74e8f0a86afd18a63ca3cf0fdc5082b7,3803
587,5e678575ffcd699bec89fb5556bce4298bb3556f2479c4ff40ce92a07785cc8f,3927
588,82377a9842bc3a74c95b3edab75e3253cb6c03a000468d5f89057bb487432871,3759
589,017e485ac4d58a27410ef5742de842162ef8e82187e46fc0b3b0675e494543c9,4011
590,738f36b3b6e9fece0274e14c38a12bcda8a9118781a413d7a07f7114efb62c56,3783
591,04ffc4835678100e0431caf084ca36dc99da80ea88f03fcc18a6606bebfb3434,3828
592,75953aab9429462db1caf0e73a4b57683de84659d4c765edc24c19e5198bc4be,3797
593,002a32fce836a8bdba0f0d40217eab3802ea12d589d25e1983d163b3f429ca74,3995
594,f31d4d2d3b59dc996ed04452819fdf36ef4f5f1152f4c1975f1aa0e99601c70a,3830
595,9eb8022612e07dabb628ceb82bb5e30ba2e95db82294cdf49c95ffe08a77d342,3843
596,bbf2b0f419379461d83a97c5cec7b1e7720c8db459c6bc648b0ca843ab6de0a5,3753
597,cdd86906302b9ca6cc57679353b25a40cadc72715ec26c9fc88b6d179e5d8de6,3966
598,79d4e2a3284bb25bf481dc6c2998f505a5e7bd562c44e566f13e97a94e3f4cad,3695
599,6b7decc35fd42ef8abc88c42341c90776cabae55a0d63b2a1b34d2bfd8607883,3675
600,1eb8e203ae250ea636789ba0f87817f9fe70b06311fbfa25902a063ddeff7b6b,3940
601,babbcba8d903a1d98b90e4aae3fa436297192ff2248b8c0ed497b8e8e457f1e2,3757
602,b4730cad6b9052f9a934fad8ffb849ec675aad9787d500e04c4bc5defad4d068,3847
603,f2c9b49af9d0f40750c549effdd1c42ad6c66cc1153bea9a229ed92a91d3e656,3883
604,f477116d5ae6e86fc750331ef1f9241edfe6f8b140b54e888c9186cc08cd0a9f,3779
605,08f407fb84214bdbbe66d17e0d9765a9a8afb1b5eceeac4a341bf5def66962f0,3987
606,9603783ec43189c6c12d44914710b7c4e59c746087a112fe259cc2045d3a161a,4056
607,86ebc6af16d701d6262a71f9148833f5073b1fc30f0b4b92364c9161c69e6206,3817
608,eb81ecf25d729c6eda8ea487136c98b87617a4f0713a09d8b6df074fc14397c2,3854
609,b3a4a8b2e42cdb14231bd2f562875f6b52b815bdfd0088226dd111feeb66ebd5,3935
610,9ae0d430ad0f8132f730cccd046aeee04dc3264f96809dbff1238b616910280c,4032
611,e29b3bddf8aeff0fe623f38f288cef16581c1779366bd0e9001ab301a3dde414,3791
612,4e495b0bbf9fb26bcaf088b1f039607c5562ea868e8720a12245c49ada9f7b17,3969
613,7a37f0c9b8a07b67ebc38e7d0c97f85651950723a08b7b1618c6b23be71de025,3868
614,67cd6007ab6cfaf9eee16baacb92d6ef976d0ea95bf968d8f0decc6d44542ad5,3836
615,e46bd0a73fda3415da751a550d21b49089abf51dc74bd8bef633bfe97745c5d8,3969
616,e96c81b02342606e90efbcfe8e0b13158949bb30da30b382a3de238ef121c568,4136
617,82324e7e0038b0bbeece0da413010bff55f99474426f74186c4bab5f13d01e4f,3787
618,8922be956b366c7635888bfdaae7b9aa550645085ff73d4ebfb2d85dcc5a12ee,3912
619,d885b18b47910b5bb8fd6150fcbe69a32f84cc2681efd6d339a86016f3f0107f,4120
620,7fb47878f4837436cac1cf75d0eebdf9191be3544f315162895c38c96522b1a5,3903
621,af08090305ff83d5e66a6cf4dae25c2c01925c5158e099d922ffedb6428b11c0,3817
622,7ff76a9d9447559dfa43ffca33957a81e60961c86d22aae6c9439571fbb83246,3816
623,8032b9850164ad7f58ad4bc9ba9df4923a76dd4f5460c4d7bf23dcce72ca743b,3889
624,9a693d4b11876cda3246ee8be7aabd032fec0a36e4ea2b78afbf567a9506bc1c,3859
625,6316567743ed0aaf9eb1886ca7c7d24e620eba2829f79e80df6f93eef6565bca,3891
626,1ba61e32722393224948f6608908854e006d5699d36ad5033baca4c34167e04b,3910
627,4aef5d7bd77d3d9d4261fc694018bc278cc8b4975fd17353ba41fe34001a08cc,3731
628,8bb82e67bb1b7c7fa485f0149e0e54af4639dd1e9fd7262fec020c5818281404,4067
629,cf66186eec688a575cfc78ab8042e843e8e827b0865d99a841d1f5e413d3a375,3675
630,98ff1fbb24971b192347a204591e70ff3ce5d9281f205063e3a7f11cfb174dd9,3717
631,b4e0c1867fe1da241b715908abfede72e176433231ac00f75743844aa053914a,3898
632,8fa2559c3ea85b6637617b7a696f46f104c5394b6aab6820283e75b733325f91,4161
633,01936737e039b4ac339016d6c097c0797bbca6f0a5dede690a7f7f7ff03c9606,3863
634,64aba4523fd7b2f2d41b49ea20427c96637ea5930382fe2c295b9f402643d9b1,3722
635,981cb247486e9110e521b14bf7302f1d317cb53d84a17976cb7262ba33aafcb4,3741
636,40a4920bad6ee41d3d3db28cdc67dca51a7eddf4913fdbefd96e4d50042f7497,3993
637,b098032bf8f3039c5995ae9aea4350d7bd152ba5d6851a442875dca753c9b9fd,3985
638,65d129b5d5728d9e3a9fd4fb895b8b6243e52e1af6f9f687cd2b5159f81f02ec,3974
639,06627716b2941b8a64be100d448e126a4bf749f04e5308e3f87633b05e3cf092,3797
640,d5b9a8fa1e8a9b8c5d30fb0d4298927cb69fc9a7f090be9854dcc6baab448ae8,3778
641,03e1ce5c3c1ccf8fb55d66a740ef29ef45fd9980de0112649024bb03e847ba64,3977
642,04208ae2e879402d8addea9afd8ee3c542294572495ed1e880df2475a1e3f638,3963
643,bf296f14b88325c8e112ba81280e4120bfce8fbcc936137b334d5d43daf29158,3745
644,36a6436a0fd3a6cfeb3823586f19a67218542d7d86e1b02c0ab57c67fb197204,4036
645,d70a1fa26b71dbb55a0ff4a307cacf0082db3259ef6d0902f375cd17839b9aab,3946
646,29fc1fd9f83d5e8aca983de6d8c77e6ccf5adce816c8345396ce1ddca756439b,3854
647,a9794fb83d397a9066eae7f19f8ea496b6a46968fa99198f348ddcbd7a444f99,3803
648,01f2befcd80d91ae5f0c83efe173576679a3844924ba6725be481f8002a0dfa5,3843
649,992f27ac942a832a42510b5403c8d38d0a30d2a299b49a68861e851fdece56a0,3968
650,10ef6eaae5172f293c1f394282fba6c90869c8a16417c6b53815b8d29589f1c1,3719
651,e6b17934c17c7bd76dcb6f47e0ee1fd33c03b5bcf56b79bd898dc9346820c439,4004
652,991433312ebd54d7f689080ea787601dd8f56f1d378d0e0fb65ee77f760d2f9b,3876
653,b0d9061d44f5cf4cd6de1b2add1fe89b01b5d7697a0dddf64f1b9a0f650275cd,3869
654,1060c2ca9597acf9764672f46f274c96f494e78f6462b635ee513e6a429b1778,3907
655,9e6246f3352024c230388d6df193e66d5b19171e383e2e434be44ee30f43cf06,3722
656,cfde08ce937a607c9efed02970d47461937e08c4eb52bbf5dea5467fcde4b88b,3764
657,ea911616b140547e64548298453452b1419af6f6a2331ee2692cf64f9a8aec21,4013
658,c5e929756bbf48aec4525662aafe1a0fcf9f08a0c6f9fb35e00c01f2829aeb89,3970
659,5afe4f840388f334806336000414836b367a0dfb95a87ff2c7e57519c09ff241,3982
660,7f4e172b13a9404390aaf640e427973fe8fbc4b54e99c7f19301bad180ce6d84,3776
661,6e8a009704de857cab16b6e011026b364aa127ab0df72977af34f93041531562,3917
662,93516ad5786a67f25b3c3bcba9ac0ddaf15b62eebfc65c7638c240a32ca0d600,4076
663,b5ff88bc7c8aa15f42669a36197f35a87deee20d9e06f750d6b7927d885c586b,3956
664,c59587649fba90ba30ebbefa113c61bc54ce1f3c22cd64b7b14c843cb409867a,3944
665,533cc67842a74279f010fc16554d3263e89c8b56b50a564958f00d9f03c2ed96,3718
666,864d3353b45facf72f949533344ac5ad685758dd4f203cf3ee5afc3bff11a115,3939
667,792dbb81d8c7b097955a06621c8039db62796b0615cc398ca9d5fad87ba8f0b1,3869
668,fc5a90a884b8625addd0c809f4dcf398be8634533055affbc49c60fa97028762,3852
669,1473041d84f69059e1315993b6b615e7d6f0454d7b8a9d302aa8505ab80bfa63,4076
670,5d1d63d95a6702ae3a7f932c00f843223c82e64fefcd677a88ebb3e101515ea4,3953
671,269c7dbf8c4c89f165f084d897acccecdce2fcacd86784119f2ec1ccf460dbe1,3709
672,17ba13f73150f646f260048ebc4864aac77d6a97120e3839cbd08f7315f17026,4021
673,65ad016c5d51e69f63c640dc3d75efb452190e4f8d2bc8873509b89938681a46,3955
674,bb87faf428e77917e2c833cb49c694d757b84e100c5f2e18106c62b0d8030f35,3834
675,7c13ea6520234a8a424bb1c41175fb8b51ac570d785b5357270248545471f675,3769
676,7f5f5d275433cf83ef521fdbcf4abbbc6519e5a9cb9a5be8db30048f7a925e8e,3840
677,977d65f12521726d52ca66b836904199fea92f004e10b859d90c82d67329a877,3976
678,60136eaa713c6c29175d04b36b368cc4ffaa764b293461ffd2e5557702f1ba85,4056
679,f5a533810dcd879c3bb1255da7a48f0f7333392893f87c7a23729c9230082eaa,3908
680,e3dec3ee2b3be2531944f5bc9957449bd662506456a014ad9a9a1f0114609b4e,3975
681,da23ee82274c5987ada3095daf4187511e0bb5d9e2f7ebde3d1cc1a55d1afe3e,4021
682,a19f6dd48d86d0306a62f5d8fdbacc7f5277edf87ff6a5b7c1b43713d60aae4c,3883
683,dd9e3f196b645721124f1ec33530c9c1403179122e7625af711e0aeb3b751806,3788
684,7a9935e3f73e7b5cfb5b611578453bc99798bd582ef186a40ebe17fc937a5192,3753
685,6fae657476a1e0a37e15b1bf9f982785c1225745804ac302fe8808807dacf380,3956
686,e14f185f99bff572859f90d5de12f346f64ded49cf36498215b7604abdd1cc31,4014
687,4c6992cba1807ea600aa926cfaebb0353a09ffc428fac195f051ebf4ca67a1dd,3735
688,75f275ba1617a10a86f4d418322036eb9579cde01ac1a2985c0e4c92ea7dfc7e,4028
689,b5ab75543275b65f3693ea75d27d367d395c78f75899edfad07a43593536ea4f,3778
690,cf656c3e9838d853ffd40a00dc4a57a06c70efedc2f962dc9b6192769b28526a,3982
691,21165cd604e730f1ccaf90d6a878c94f8f26633c93b213b8541856518ecb8079,3846
692,4318cdda550bb469ab13e2367d6f182805c70aba4d5ee9f56add14f726f53817,3869
693,11dfe4f190b860af57da3ff3457b3901ae14345efefc10e225d705f716757d95,3984
694,0d5857fb1dd323cbe62f687b517b1a8ce17e2a587f6ef64bea73f154cb1472a3,4009
695,092049ec40e84fe92a6de4c7b6dead0569ec3b3d93f27a4955ef617d50a098dc,3989
696,de6a48d56fdbdf0a7a841caee7d2b9e919562c38be3e5782f055d2f43f4c4dd1,4065
697,723a84b0a68fb4b213396f16dc5fa864cf60b2aa98c7dbb8ba955682e6137648,3938
698,2d299a02461f22a449a01e860c3e044b24ab31ae08b8b7cbf45eb6b21d3ed6c4,3904
699,cce8b7db3daf8433347190f91a9529225e8abf29e9706cebfe62979d9a0afc94,3856
700,b5f30d08d0e650e523a54569ff92ffb01cd110ecc2e85e3844465a9374c94722,3850
701,fbf68472a45d8fc971f51bc21cbe8842a89b8737af3f18144918fbc1df1cd17c,3849
702,36d2ef127ac16412b8548d311506cb6e3002dea4810fecf340ec85bd2e96317a,3918
703,857edcb20727fc3b781a60fbd4e420da6a8a84a7b2251c231a2ee15482867e76,3872
704,f1ab4e042a28a4e2fa36b32efb8247c3dc6c8beeaece110fe8c6dfde6f1a39db,3851
705,734b688d1afda9fc8be6bcc41c6825dbb334df90c3737fa98611a12ba1ba94b0,3958
706,064881f9ae321654500d5315e95069d4ac5bee63425990817d7db7ffaa3894ad,3733
707,924939342bf790927dbcd7b565e25b8cde2dc2a5c719a55d5c91272bdb939962,3996
708,29154f39d37c4696c7dccca4b836fe4bfe56aeb46d99923be00f3337098161f0,3758
709,722fd86b3504997b85db61672035ec16aa62f4082b4199c036a3045cf2075f80,3981
710,83c03505ea8f4a4ee3685853e8d97ccee95a22c7d0e4c3e526921616af6b677c,3756
711,44599cf6789ede2f0246359e298d044935babf18727d6a141205fa017359e521,3870
712,07523747f9d774896fbaf73e2aed9a77ce8ca12777f0f5ab3fd2f3af258d08ba,3677
713,3e223a3f10c5ea827a9c6c3d3eb59fc7509bf7715e2badcf7e26f432ad8202c8,3874
714,64b18a805f0930aeb0c9cf1865d5f468b0461d242de81fb3cc49ef09d3d619cc,3935
715,9cd2249e6be9668925442e2fe3cb8d982652a825c0e289f89f426e6c68398224,3900
716,8bc23f06873dc058783afa2ffa103ff15976640c3119a21ffa6b90021a439524,3990
717,ec7f588286679d073955342eea541dde553551560e93083586266d6c3e21d34b,3889
718,5ee5c72634c76905a55edfcb39973c3cd55baeb2ec2cf4220dfd4bbe2ecf6bf1,3856
719,91bcbf9c73ee3c73cf69768fae3bd09d3b456bfcaa16607dec66ee838195b5d8,3916
720,2ed2dafbb8d058dae0d37201876e890163df7233c97c63192a860d603dd5f5f4,3879
721,ad827d459339e3667d897462a3b394349e3b11b6a098a538dca333b6f3f0402d,3944
722,cee5aac8b7b5a6e13f86d177ce1f3b5694f72919b06d7aff0cd6a59647ad99f7,3941
723,b1ca6b1d6e288b3a0d16ce2f1bd36914d416c72187022fd3cea9b94be7e49f14,3882
724,df5d9530e59b18d279917d52a9359bff7404496ead8f5ba521c94c87c1732371,3924
725,812738950d4bea5279e056f17789bdc36539491388808ac5627240946b447590,3889
726,aac34fc5cf7428c7a51eef6e7b7c82fa5d7c81c2058763621b603bbd9e482037,3795
727,29f15f0378d01f2fdc57d6eb8ceff0d41a0c55dd831ab0a115c9953a2c5a7041,3865
728,b7fae97c133a68ea55658837c5c914ea190815124219e95ad14cf6cb4b342a05,3953
729,606837768aa0c35a9a9c27604dab231689bef060d15e8fc876d505e8f21289e3,3665
730,7385f9be07b070021e921ecf44c854eedac26468ea19d605d935b75d2cb66e61,3659
731,257f3407e16ef19843859e712d04488a8a90cdd2b447ad0a3b02d1cef419d786,3844
732,b70cd3f511962da2c44bfb416c47d33943c4e00d90e25c40fde8620d54211ce0,3809
733,9e3bd70c9421914513e75485c60c99d8043d164eb2412bcc3a7dd07bcfde1942,3788
734,c391d0196c45ef260e773cbd697b9e21b5fe471804a52c2649a4455d6639ec8a,3908
735,f08209358c0d72a725b434ee5186ca0a9b185c4363c2f11e1fb9e3202905482c,3881
736,d1acaab97b555aacd976887c2404eb898a57ff86947e6015aa065a2410762e35,3837
737,6c9b0fd82ed97e5d1f55a835bd30a333c64321c2ad460e3ad86e548c4ef712a9,3761
738,52f5162cbaff6289bd4649f2609dec12c061d4bd1a253b5a2f0194eb1a2ef932,3985
739,7c6a86987f699e363b3866e2d1f74b638dfda8a2468ba925baf52917661a64c6,3778
740,6ad31d7b09be4d46409e1eeeda18a5d9c06753151c827e015746d96859e60ac4,3826
741,c39faf9c1e6e1b7f5b654cd9d8ae2230c4c07819095611a75b8925d5ad68af2a,3833
742,4ba8a13127a21f68d879b967650864657c694341f184fd05f1f8480a72468583,3937
743,f3cf11ebcef899f9e61f46a8b26b88a0a63d2e8ac876237a0c398d30009b3888,3922
744,9668db9be68fc8e95937b8a2ad9fad1bef4f3c365e500cc9df1fdbeb37da56ee,3823
745,3c219e9f9285af86622d70652c50bcba941a07d1322783be56932d629154bed9,3916
746,489aa910ade09d6e86bf193be4aeeb9f13d27e15949de159008da8476cb24978,3855
747,eafbb3ebb740570508462abc6e3747ce88cfcc609d952f91d1670063b7b1a1bf,3986
748,a1eb0a31a8d29780151cfe412b3a0c9c5c9249a16996d925a8c87336f251da9c,3846
749,5f9066b180c87b388c8dd35ead2438d0d5d18951b61b683a00bbf74e4ca35a1b,3807
750,0cf01dac33051d52f93e8a125a8b1356af9478e040b120cf98b7d6ecebd61668,3749
751,d33c284420ff3b00b2e38ca92c24390bf931d34a952ba75df94210eb65afc782,3789
752,310ebcaa31ac1a73af7bee21e4e652cd15582be3f7ae6196bde4c41261975f61,3867
753,aa3fb63f5220a6af7032238404098b17396a8215feeb8cd77ad5ba47625d51e4,3915
754,60b887ae1701b84b4cabd43f4649f3cab0afdde96b9456a225ceafd7dad52f3d,3930
755,9ada364a3e57d603b1b34e15252c883172ac5c512008ee09879b1e5923798ab6,3799
756,c7b15e9bb9acb8732d51502ead848900735109c96ee30f4fa4afbdcf5f84503b,3917
757,ca55a8f2a08af7daf73c368e60281139c23a98632bc1bf7c766abd6efa0d3ae0,4009
758,a4e83f08f52d5a64d73054ee8544e546d5b2932e1298afb667aa0d5d16ad61ac,3871
759,26b50b03a7520f22cf6d84c5a886f1eec1a8c88f2d08b4822f5b3b5969ca40a8,3931
760,d2dacd94c61e4781f507a501e447b6f495ce867f6952a81b22af1e3104c0e988,3778
761,71df0d2b3a35c1682b6aaf913de7e1fbc6ec7e7621ec94f3ef8105f20e91a5e9,3861
762,cf4612d18b3f3f4b71aa9d0072ddce45da7affb8ca0b6c9fa4d476bcde987874,3860
763,96776e6343c76987146eabdd20a9964174ebfbbf4f1dc13011d19fd5bfd735d2,3734
764,07f0bc1325aab1aab2a43051eced44fd5709af7af3bacdd436eb65bf33c0bf2c,3968
765,57f4b0598ee4a12544c0a31de154a242b7e6ebb8cb284f0ac88e6cffee11cb76,4061
766,185f1ec0749981e9a476bcc8fd59dbe4a3107d9c0d346518cda8cc9642546210,3803
767,0af92d44eb2585c4755f61a431148d26bd880fb2ba32dc1e9d2f340c4c1c61cc,3659
768,e17cdc398f2a627aba7550342627ddc8f9d14b1839dd6c2b5fd9917b35c59a13,3662
769,2572779bccbf7f3b8feb504793593461b668496f128742a04dadc78ad93e1c12,3698
770,ad944faf345fa270512481b68c7de03714cd223404cbde324417f97c92d3e53f,4010
771,8528cd2cf723442089e2128071f6bc1c7b028be1e5bacbd0ee3db64b47198f9a,3923
772,d813ffd70f98e521245f611dbffaa8da53ebf9b6c0a1581f167e600befe96e35,3945
773,43ba9cf749115a6469ac9c9845af90a444e88e681b34b72da32e9e2f7f012695,4001
774,121ecef991b03c6be46708130bd9670c73bb7b9772bc99a0eca0bf5e8c59c30c,3927
775,a544ebc86a2405f2d662130448efa0aff35b22d01a189a814c7769885722abee,3744
776,85b15e4aaae80d5a2abfb2f16a382dc0acbcb46b2b94a8968d44c18796e39010,3854
777,2cd6a645b1b42ad49505c55509453cee3c2b3708e8d992caf97365ebf282ab36,3934
778,3ba439035fa4aa7c551be1730e807fcec8211fa9bb4e82fbbb1381316fbc6103,4052
779,6c11f5f5c16a48abdf2c58bb3b8d2f2a501137acff59ff5183d0fee40db82a30,3885
780,198581cbe864281d38e49f7da8de149039782eefcf916ad3317b3ca1e703621f,3873
781,bb8357acc654b0d07098c087e0448e3b20b352894403580a5ce5f76cdffc9112,3944
782,ea30dd5be0c6b9659f07532acae1a7a86d2657f81419b6fb7cbf6ca5c042dba5,4027
783,a2928fedd2cb6428f7469509f6dbcd58a7e1c27fd57628417e2550bcaf13aaa8,3778
784,0e50d7ad8145029622480b377c793df2c648158ae448911c2d8a3210d045d727,3944
785,2fb66a8a1e62f113eb2d318942dc6d826bd3f8dd6f18b30022495e49bb57d89c,3980
786,cc3d7a64b187b101348fb5a2bc8a0e2d149561b6aadc43535693457cf72837c2,3926
787,42c013a819be3ad1becab65b2132e603c8835676522f610c67f5b30e564ce536,3821
788,d08a7b19f3c2a811cbd6325e8489e42f6941b12b3a963f84cc906f86971e9024,3883
789,91aa036f5a493efda1a3da24e25041dba69ee698e034af3d0389c016e1a3226d,3940
790,a0c945aac8f40b9e2a5759099aecf6c0dd41d405da596c0e7bcfe111f8b769e5,3902
791,d715ed64ef6fa431405bb56758acc1e225629590e91023f98a2a082d0ce16cbf,3921
792,536c4beb000c76130e927a38bec2578a6107251db88f0442453fbb3a097f99d9,3894
793,a1d8ca244d1855a320555bcb4f429dab8abfa182fa1af4a1a5b703e851694301,3756
794,8702aad7b778e32df5ab4a6eb66e4bc29f0a57a3d3d2d324aba1fc37668b3f9e,3921
795,cd9853c5ae01080168d4ca65e4b93e5f5c26f88344ea85af46cd61b1e42e924e,3895
796,678464f2a1dbd2c2be8d0d8c96e22123f01849c62205bbdd71defd18538032ab,3866
797,890fcaba453cca2e0c5511c1de0512c25b59e2db980da01c2f582c5a74fdaf61,3779
798,22285d3794a26eb36a48082cb536af8ca3d8a51c846b5b49cb8b805807e0a6fc,3781
799,aa9598e1994c4d233b140074f5943ae89e3838c61e3c09f4dfd5fe91f0f584d3,3848
800,a8db86d33d6b1d093ef7c6ede09980a8b52fc2ef895b06dd3f69eb8968fbe18c,4008
801,346e0fabef351ef81d1eb74283aeefee4fd7271fac0061454b3806b3f9d97a5b,3927
802,458f942a0b956711a1f54326c326eb06bd6d2968a4bbe21aa36c76de7e90dac8,3899
803,ddcd042823fbdb91d909f2ae09460e6a54c76e801ce273f09d43b4defb4eebf0,4007
804,50dc3b905300dc1c40ca728fd6f820aa39c29534a0911f3e240868a03451c36a,3917
805,b7976fed84e117999a73f72d3dd0383cb6dd2f653dc46a30565ca96611d18828,3870
806,31d632baade75205f2b13a6231b1929a8c18ed7394bbd04af005e332528cab14,4002
807,e65e820200a89caa0979cf9845161d984d7e8d22b9c1dcb197b1ff62dba7e8f3,3936
808,169d939acfb22989986e2fcd887b2e4cd316d06e74be90830cecfa7cb6e626fd,3861
809,f38ed420829d3c81abd9005c677b1bd37da79567b6a679d0fd84b4ea0dfe184a,4009
810,91c3d85e729b5f09417ec274f2248ffb96a5d9a2b3300429745d102a4dec66d7,3879
811,513104ed4410dfd84d08914fc6785d756a6731ab44aa0eb49a97ddef9a22266d,3978
812,e3fefd5fcca4b0db438f1e4db366eb05115d1ab101d55de944aa7e0e56d2135d,4012
813,8a951ceae81b1529b4daf703f8a17ea2ee7022d8a68a01a3822b0114f5b543e7,3948
814,9775ea85df9e4b84d4e521691570d0199e18928a425430309cbe07a730d1fd6a,3918
815,a4aaa6d7aa94679846f7d625840fc5a6f8fae697bb636910bacce1a3e77a0716,3845
816,c076b1bdaf67ca6c5815698079df9b58117758741c22cb8a962c916b3f638832,3775
817,b8397e9beb9c51b1f2a38eb44d4060be6cb6fb2971302170143d9427572e33d3,3959
818,b53d201d216efd740fb1b0da5e7bd26f7837757941155f5999a34d7d9d24bfae,3947
819,54e93c462a4ee6a31276086f03343a18d3e5d1873c683f2825b01c8e5d51c767,3829
820,1f27fe114150fbcea44280113b79aef18c754a2d3ee97e4b574cab139ebb0ded,3928
821,ae88eb8c01ad9ebba3f1986b77d288feffa6a3578ef00401f2bd86fbf0c7744b,3874
822,c77ea74b24153b571949314f0fcf008513ae0416b79b7b0f28743c8bf8907c86,3864
823,7130c592ef022344a4832eb16ddd63e0e63281b0a33e26f409b89155d448cdef,3856
824,1661bc6bfd2ee1370e70010ca7a805a73696c747b48f42fba17692e219da83d6,3991
825,6dcf7c4ef677f66e6daab9477bf814f0e4e701270f09c9323bbed80bb4a97c73,3960
826,b6b5bf15eddbfc1b05fe38b3c5e254a0a6609888a568b658271e2b93e3c8a16b,3928
827,41a9c0414a3b1cd02c07e924c6315da65b4a3a0225141c3a4d7d0b3efe1d8ad7,3954
828,9f5ccf4e5b977ad52c477a30e4510d31889cd036c181989e9fd9b41d56d747d5,3990
829,595ca148124fca924a8562c048d7c0edb701c85e0409aaefc6ce017826ef79b6,3918
830,3950f4e7d0e79ed01d5b3f9552d9c519448c54db3c883ce4eb02d21b2392ab71,3762
831,0c5d65e29eb4f6f97ce38536fab07350bcac0d5a9c2c501e8c8546e6cb6e68f6,3795
832,17ddb58c3a12c5283024b7295f0c0894b45b8ff98db51297461467bd400567c3,3930
833,a013c25f910f0ea3badd2e4ea615885750c3403b1b115e12edea616d140bea3a,3850
834,f4b7ff1f7bdd8da5ddfd507fc0c3a071737176bbc03a8cd6091eae90da7a7d4c,3794
835,ce4f229ecfe215e5e4f9baa4ed8b3cf287202ad90c5cf4233ce91fa32d8d0aa7,4058
836,2b89085bed4cc1b64884964c0c1cb36044a195b2de80e2e6ecb613d9ce6110b9,3858
837,7641b84a323cb72ccc047a40b8c80639c9740e5b71dc5defe6f8eedb6638abdd,3885
838,871885f3070a5f7e0fc62c0afe683b50766d9eb1d6784d397fea0fd84b1bf2c9,3750
839,c480196ecd194c7b90fcbb360711db70024587b2f277def4a818bc4306499304,4002
840,ec05a8b3b5972f8dddc971d3a2f0c98dfb7b1623661e03842609eb27f5a1d454,3966
841,f41b46ee0f0bedad057d4e25a1541970f89f1e5174983fc9e3f23e6c823efdc1,3783
842,468f866b35b61df617f52d2d11e5036f16e8a9c1c56f13951d755b1de9464c7d,3899
843,f810bd66c7b3be89ce48c867a2450fe40ae5e36a162da890ba0b817b6ff3d70b,3912
844,37e8c1b91a44370a50afa54f2b1ef29a0ff95093304644327b2d922075d2012d,3784
845,f1620a675b368173597d16c13c7887a58713cf4c6c487630f67e1b4f64212363,3790
846,4fe7109baa6f49e1d358fa98475f5cc52a2824be5a2d8f233e9c3c1f2a0f89d4,3822
847,c01fe79e129c81f7ef0e95098609f3ad422ad6c70c40aa2c0ab38dcce176128a,3693
848,8b92afc6fd7e780cd357a126250c655a4a4478891a2ade66ce7eb1a1636b84c4,3875
849,18258261efa36af5f04664a3d92ed1cbb9581e5de834dd6254904b31c119dc10,3936
850,1fa22a87dd094e73955951c6463285411eccf5cd3d7728992aefd7f416b4f371,3885
851,4e5ba5fa622ed551faebe32e58bd2e870c25eee2eb6b6fb1a129d329801f1472,3698
852,a77be3fc7a712f4cdab3957ad2aa303e51171d5c91ea173e78609547d2b69b95,3876
853,855530db5802d3596a38f2b59a44f211f057e0debc17b011aa2303a07bb30ebd,3916
854,3d76a7d0becb3ff1c494b682374d269587a1edf72c0487bfa1d7ba7fe9d441a5,3991
855,5b4d247c4c4eefa19278f6ae081da3fd10c5282362b300a2116f4c109afec0ee,3952
856,26df68af3eb0612ef1c3a33fa215a7c397aa504a8bbcc8ee3d0c65fff4204ecc,3781
857,e436744cdac5c0cd61e37e93fb18969fa1182c1d32adeabd6b431c56d3ea60d8,4110
858,e1898b091ccc2cbb1d0843b6b07a51d54b8c5f510b257298fe9d7c0be0d1cb63,3919
859,e0ecdc76764cf1a546a08714e92cdbad2a0d9fc9bb12edf56717a7c60027cf0f,3961
860,45b3eb483b9c862e6d47c59d474dd4982a6808f3106452a554b3556103a92faf,4028
861,8ec4996522f5aea77a9d70196bb5da07f4eaaf6b43378bdf20bf1d3911d19971,3838
862,7f5f97369c755bd1d59ab4f5071c2e459e9f3b4167ec9c154b3caa7517da9e79,3824
863,97408eb89b54a2e9dd4d040f4fbf1ce28361f91588ef416c2b6ea78ea8bc83b0,3992
864,093f7c0d18becae0183923c1a022f7e813be7ded73c0deed51fd89ba2a1068a1,3881
865,ba2e8e3a9caa4492070d45631f15bf997a34222ff616172ebb7b93b3301d008a,3898
866,372d0781211fb65e882937073a1bacb93b5e56b03c45f481ef9549fc824b1563,4083
867,ff79d89cc59d49353b5535a5d709951e54faa912c1bf728549ad2571a73d2284,3892
868,91e038946b1c42a3c5366ba27469ac6935e9855030f25960e35b4a592b27265b,3969
869,49bc7187a917bb72b7f864be6dff4533b0bd371d26e2801512e45cf54a461154,3744
870,66b920cd43dee8519a106f3166cc0b5e0b90c980626ea074f1a236ba7c402091,4113
871,0ff6ef460b34e15582079c275d67333d304f1c0f331c03b8e854194a31f89b04,3882
872,2772c8b3c4c40dc71999975edc543de81a19cfc6f29d51f91203926db599e7c1,3992
873,690cdca6d6c327500f3128bc3033fdd595c49c785f2c0d7b6c34d6feaa69114e,3887
874,3752eb7125b051760019b4dd86d5cd8755c094572086b6aec906e41089b1c670,3826
875,8b3e4b7789bf5fb60b7b31ac9f835dab7794cd0499c9177a3c44f814ecf0cb9d,3835
876,b5562a21bb4f9f65ba6cbb16816bb95710dcf45750fe73a877e5df61c1695f6a,3781
877,1a5f9eb1b4c07f40a955ba6d6f5fade27b1254d8409d09a6328d7c5866d8c23c,3753
878,456121e27844226a22dbe349614b795d24e08acfb073d48de6b66a40c8709de5,3736
879,0d056ea07e2b2a3ff741b2e0a431895648498ad75ed01c3aef14bf12f545baac,3962
880,fd9c4e5ef835ab26dd8452795fc047e224af2a5301f3c9a51f42dd1e5a8da64f,3913
881,baae3330bf16c5a7e9e032c401dd73581300cac592e564219acd033e8651b516,3769
882,b1e3d496ff1e692083c7a1579bc5088bde9fbfedc0efc1c2859c1e58ed745010,3738
883,763b7dacb7e80ee845c25dca05b83af4d7c522d805226758674e34e962306e2f,3642
884,3db07c3b7c7fc7e6382e54e578e04b7f25dac8781d6ed3c23b1b44f9b4a06e55,3874
885,00b49163569f8598f5441d9f237b1714caa5d169aad6e30fabfeb24a2a2990d0,3769
886,0ce93694558b7e3671c6e7e6bbc87372eec382a37dfd9548f01372b71b53b6ef,3827
887,06c580a06f09c81e837e2d2904b420e8a728098d12689d4f6407b93af3c073d9,3801
888,599795d46e98b9e52630ed59129bf0a0f5593026770e9b0656e4d613baadbba3,3945
889,5ac8304f1b6fff6ca9d3cda0026f3792689455cc7ebab7a66609c20ead5385f5,3808
890,257ac59efcc68e1e95204c4fdec1fc0538464f974196f29d7738b03b68b1fd57,3723
891,dc2051f1118164dd1f255654bf947dda6ff35ee7713b1c96b6caba8dcca61d2f,3854
892,53414e4e05f387ebed80c4a3d1ccb8187b0844ee872403fdbc6fb45fc90fa175,3848
893,8fd1bda9bc0c2a858ea1c9f892898c7964d11725ac52145f68e1d043e9054fc6,4003
894,07c597c326f14e8f9feaf9e5a4a1e033d62ce5aacda955bdaa27bd18df2f89dc,3776
895,046f3f0e7ae94fb8fdb3e16430be790dc8447b647b5feae11c1564295b85f88b,4041
896,4abdd0581bb614870efce70141d0fbf69729777897548ff0401c6599982402b8,4020
897,4816b81361923172f9c72f6bbc9d66166fdd304b492c4fbe8989205273d2dbd6,3813
898,cfb77326300ec5b0efbe0283a91c2e1f0b005457ad429a90ce80bc4ef43b1e15,3957
899,f35eab8f34874eb1d4a44628d30ab26e53986c25da569764fad242c3ce798e1b,3866
900,e4cf2a0ee25b9b537aa76502178b29e62e142665f8e98c6137d7a9038499dd4f,3770
901,f65df44cc643b11e1a7de5b2aa2f006ab37841699407770d0e67f9440f279739,3752
902,f47707c42e60c04965cef8454993a25718f08cac4cfbe449ec78b1ead347d510,3833
903,08b9b7acd013b6a381d8933420d0c0d75acbed13ed62eb99b1e41d5addb60e52,3832
904,a4e0b79df5f96625c85ab02c316407c6b5b94bc47befe0fbec587bd69abf97b6,3739
905,f0199d4a6db49188cee164151c9c321fbce6121d573fbea166a71d4a1ca590ad,3991
906,20c87c67755542b89e6d7470d95ff13395fe45a18c674aa82ee4bc0228945df4,3855
907,26634378210acbc0408f0f102b7f95b8b76796e612eef0800801e44474c89b19,3893
908,e6bb8a11c4798ca22fffd37915af7e056235dfe4fbb0b3679a49e4222645e07f,3937
909,44075a137ace4d2e0174a3ecdc011076dfb16c6702d8c5e3dead67e55ed26c98,3927
910,53e900b727d3cb313c05d8fe2f196c09e477759e75f57ff95737344d7c7ea0dc,3818
911,75ac9c2176e2d06e5ab1bb1c47b25ff31bc1d04b832cf357c59c292321b83f33,3743
912,87c0c2a7d574a8999b227b4d4418a069f54c1ea6bc62e2f032c5143a0c6598e9,3864
913,621067fe093fc73cb7bf8037141f2aa8bff6e55fe247154e39d264e032459442,3953
914,cad8f58c3acc21ffe6e03c1860c409f5004bd56d375cb909de7a9a22de854846,3832
915,b99bdf72c528d701b661bb214857a78c44b09b4bb4256a3f7bd1874eb363b8b8,3927
916,6b35160e8542ec5600184c50f56fe4374e3e7e951d5b0d3b1d01b49692818552,3820
917,009eda2ac315644af7759bf18ec8a0fd10a2f5287f1112e188f17aec06fd58ac,3956
918,328bbda3c361fd242e0a98c9dfe310e82c0fc9d4d4dea1de47745868fccca7e3,3919
919,5950c169f9241db96020e86675afb9b9c54da6bd7253a62b7135cf9e9970428c,4004
920,92e693e08fd0317272fdee32e9f7b197b3f0b41b619a579e40f3ec70dc0c2a40,4002
921,3feb0af893c334b0db066b337395d120bbd02f40882d6245ad479ef6a339ca22,3903
922,6bc7d097d8b7958001a9279ec248005c1f86e5310aa36a61a5f79c56d48771b4,3855
923,95a2d609e0e98cd32073334d2faff16296ae6b36f78d617c04c85c05827011f1,3823
924,2cc8fb50b3fc1d03b3df41f6cff44d5f0f331f779b8d4d226ff71903c766892a,3848
925,2062ba3e32e622fdabe88c0931a69f0bbcf7a14d20962f44665a8bcf0a29d228,3968
926,f31632234e69357d6cd7fde1e608bdac682ab85a914100fb8a113107ba1c977e,3990
927,6486f072d55590bb0c17e0ba4a9e3dea69972c6297faef4aa170de61b35a1691,3949
928,bd6039eda6fdee9d81844d29f25750a77d401359411db63ae2429162b419d939,3894
929,7cd76e71dde5b53f7829cb6e4deafe6c5010f142a89c0f36035a6bb7d3e9d660,3832
930,b2f82fae5d71f05a5aaf6b693dcfedc48852f9a0541d11c01e26ec77376190e4,3912
931,8eae044a835e679fbdce2fb7aa27a2388d926d82fbd7fd35d1f587db7f93c67a,3910
932,adb0433ab327c8160013d6704b01cee8c2d4d7032e1203a6fdae4751df37f26d,3769
933,380bb3a64dcac7b5dbe9ccb6bb3c5be13649d325985dd96896710d40c03daeac,3723
934,d5557582322aa0dc251c5437586be0753828a6fe20044aeec2dec626ada65518,3699
935,b7fbe0a384da85518ec3ee2abf4d83ba0b8787edb24001f54b599daff54d284f,4175
936,ddf334290b7860ee0d2baebc0296adae44cdaa6f55d079a8d45c7e7c9e61aa28,3815
937,07afa957f7bec2f3fc47a7d78dd9652ea1bf4eafa8a4ae95402b3ea72101c838,3908
938,85c4a7f5f69855ecf076440ea7597a5fb436c883874fbb6995829131fcf8437d,3841
939,b1ce34fe57eba8cbcc5d1e92a91191281c68489277aaae7730bdd50a037e8373,3864
940,1f79f6ac9897d4a4189741dcf0260367cb19f17fb82c415bd3e595ed7487a14b,3973
941,0a61a1c526e2f1e9fe5526ad7d4a02ca49a06015f8187fa348495101c9653bb4,3889
942,4d51dc3a60315a491234aa1796a994047aec6e7ef039d0da09ffa38c820e117e,3986
943,381f3c3c08c9c2d58ccf57d74a4ec0733cf011d81cac392551d7afde2349fb6a,3952
944,3089b29013acebb6a8d458be47480d7ed5ba327b1a17994ed47bb27f7735b1d8,3892
945,ed900f7a359172dfb91e2674f9a8e5106a121ff1c4de8bb40a45ab2a64c11bff,4057
946,c6bbff30b013fd00c8121803eed23ffab7a15f1a9897f4d43ef89ec396f91800,3799
947,ec5df9cb01abf918f2bb444f8599befae715e21b4d245509f27c841d873faffa,3851
948,189e15778bbd57c7e40493f92b22c543d507bb238318cde5b1d3860e9b5c1256,4012
949,f2f7648eaa8327e1d702511e466fce83c8f03c44e978194d0f05a559e7bb4efd,4049
950,b92539afc018fc2f5b374d90e8ec4411d7ecb97d52308791273b714fcadc4412,3971
951,f0de3f90b47b58bad1a645d616d7acf4283fa2333fe97fc23c10035c7eb34a95,3866
952,e1568119bfdb199e638fb8dd012ba215a5f7b23f6ced5f068724e4f31a424e3c,3874
953,85f44563031f686ce4a8c117655fcae154862785b5bfe34ba8e6498e7a151c5a,3692
954,cda3ecea509aee59b5cf341f76ec91fee89b9c1eaab4bccaa35a225d793e388f,3681
955,71e37469c5974133184b4c376707bd55c5de604134b7ae15d73f33a2e5023303,3833
956,55a22808222e955376d352cd5512aceb126f31db8a404ad6baaa05b1b5d6dc34,3815
957,146078652867454642d8f346249ce21e411bbe24627a9129eef9f8bbda2c8e1a,3930
958,f2c14109ff23cf8fbe6bae6b6a208dffa2fe0c40236fa60c0666eb48ee4d2767,3956
959,454923c5fb01c0e3461ca0ce7c74c06e57d34e0957ac1a32c95c46b276a37eac,3687
960,f79a1992e76817a4394e8f51c351b4b68651c6081284085585a8a5bc39cecfdc,3789
961,66e3da5c9f5bebbcc55eb8b14ec05dedb5e76d3b2ce78ac15e54e002d10dfbf8,4028
962,d3b46002072aae0d78b0e81c83c8039bb6a5e27b3173ade322bd964f8fc78ccb,4050
963,aa11d84beb1f80bc160254325902d2bc1ece48b3df68a90af074f8cb8e450a5b,3857
964,81ce4221c7b236215f710f5bcef6473095c444fe203a5559e9d3a0dbc1eb5ea7,3857
965,83a5659b39e830ace1ab0fd49e2842b1985f12af4e6097713848e47d349d0351,3785
966,05ef8e0a0b8f47f4b9ace9365e3ac8942a4694cc1d2bb0b3c732e9005d4d8c2f,4029
967,b3b952d560acfea02359314e714383e54ae896845f0101171b10d65f5e304365,3998
968,194711fd40996e8be50f8855240f63905bb642d07da69f82f4d8ecc2afb3ffd8,3760
969,45acf76da5298017d27c2544bc0178532e2de94ec185642dc6fd6a232f502a02,3864
970,551b4be2e71a02416b392c0b48eb02ab021500904db844b15b54332b94ed41a7,3859
971,482f108ac1d0dbc58a8f868434a53a17cf1fffc2cc2c7938f2b86573f28f3c13,3753
972,97adffce1a76ed637c7307ee217e57aaecec54f45aecf37e220a44fb0e0ac848,4021
973,caf0c6438fc7bb8f787801dcf2d93a23de07009b7df34a830d0e171bbbb9c721,3934
974,76ade4b38b234d6daca5a77bac8d3fac33a0aadfd2b4eefab418f696013b9d04,3880
975,043d7cc907e4867e8ebc67f2134c320433f1ae19ca1212e52de79e7ca9d15805,3854
976,53d646d04401c90e4470dcc8d541af24a9304586b1fa80e3440b38085247e05d,3695
977,cb22e407347424c60175a28afeeb83c6191644f5b6d44d404903ca9b170de83d,3769
978,308a2df8565fd121ec1e699fc3b1d4b1af231736fc51aabdceab3d6c27477aba,3759
979,af54c65937ba22f253afc27cc1f4a6242c72cf207e99411f23d44b4af7cdf3f7,3919
980,0a0c0127f229a8d365defc5811a0aedf5b406fc92136211d3d5e53380756e71f,3861
981,46f0e41b2aaf2c355bf2e1624a957f894c4ea625a33134b386e7823d4418f0cc,3997
982,a78c92fd1ac991312944ac61d9893fec3920fa27893baf3b9207c18694c59d17,3676
983,8ec765975af976a79f6ed9dd44cb74860f83d810fc1d225781b1bebb7dc104cb,3952
984,3acadfe499e594f375dd39607d6c6c0aa75a6fa2ef4b7c4ee5156beae7a92c30,4041
985,d913cb964b6c3a74744d2fc4a513918f6e00cb3998847d41323443dd20cabb5d,3833
986,baa2e08308e132c12c51208b1a190d8316cb77941481aa0e1f908bfdd05f1165,3916
987,a881272e777cb9dd9f22d522242cd3fe3b3021cd150bb362961d6c30e6a832cb,3929
988,9cb02157b42a340c274988d9cd3123b8c3b333b36105286a80f6d2a55a635e2d,3777
989,577a44cb06371497c0d763e4ab036418d802eb5f7193fba0a3f00e2ae82e0ee8,3781
990,bc6a7fef6067a6c5f0a92066484f594b8e5ad6236630de1f4ff3588a0bf0e5e8,3724
991,d3c27ada5171888d118ce6dd2d1c41b59b044212c99e042b9a8b556a16781482,3928
992,0f8833d290233da94091ff959da764002f947baa66b0cd0c86958ace440c49c8,3882
993,675a9a4a4a7a0dc84f42c64076ce90166424be985a6c4be227bf2ba9d337924f,3890
994,df563b810c8ae0921a9ed6b029b1626f38e601d30f08493492377f870380a9ba,3682
995,b0742882e813867bccb70ac894978cf91fc05a9b01c785d3288d18ef84269a0b,3688
996,0c4dddaa4febb54fd00f94f1cb0b6812c9f81a17e13a3dca0bf8e2999e2fba3d,3740
997,317736ec7eb36ef9742a7e8352eb706dd45e3cd28aec9a4c12800f146fffb8ac,3849
998,492554e2134c164e0b42d22d9c45d6007b3e860b8862b9da8e5695335dfac545,3838
999,e5e287196807e76cbd8e104548307dc720e3025298414dd42285d73af0bfd136,4016
